/*M!999999\- enable the sandbox mode */ 
-- MariaDB dump 10.19-12.2.2-MariaDB, for Win64 (AMD64)
--
-- Host: localhost    Database: rogerwarehouse
-- ------------------------------------------------------
-- Server version	12.2.2-MariaDB

/*!40101 SET @OLD_CHARACTER_SET_CLIENT=@@CHARACTER_SET_CLIENT */;
/*!40101 SET @OLD_CHARACTER_SET_RESULTS=@@CHARACTER_SET_RESULTS */;
/*!40101 SET @OLD_COLLATION_CONNECTION=@@COLLATION_CONNECTION */;
/*!40101 SET NAMES utf8mb4 */;
/*!40103 SET @OLD_TIME_ZONE=@@TIME_ZONE */;
/*!40103 SET TIME_ZONE='+00:00' */;
/*!40014 SET @OLD_UNIQUE_CHECKS=@@UNIQUE_CHECKS, UNIQUE_CHECKS=0 */;
/*!40014 SET @OLD_FOREIGN_KEY_CHECKS=@@FOREIGN_KEY_CHECKS, FOREIGN_KEY_CHECKS=0 */;
/*!40101 SET @OLD_SQL_MODE=@@SQL_MODE, SQL_MODE='NO_AUTO_VALUE_ON_ZERO' */;
/*M!100616 SET @OLD_NOTE_VERBOSITY=@@NOTE_VERBOSITY, NOTE_VERBOSITY=0 */;

--
-- Table structure for table `dim_episode`
--

DROP TABLE IF EXISTS `dim_episode`;
/*!40101 SET @saved_cs_client     = @@character_set_client */;
/*!40101 SET character_set_client = utf8mb4 */;
CREATE TABLE `dim_episode` (
  `id` int(10) unsigned NOT NULL AUTO_INCREMENT,
  `season` tinyint(3) unsigned NOT NULL,
  `episode` tinyint(3) unsigned NOT NULL,
  `air_date` date NOT NULL,
  PRIMARY KEY (`id`)
) ENGINE=InnoDB AUTO_INCREMENT=256 DEFAULT CHARSET=utf8mb4 COLLATE=utf8mb4_uca1400_ai_ci;
/*!40101 SET character_set_client = @saved_cs_client */;

--
-- Dumping data for table `dim_episode`
--

SET @OLD_AUTOCOMMIT=@@AUTOCOMMIT, @@AUTOCOMMIT=0;
LOCK TABLES `dim_episode` WRITE;
/*!40000 ALTER TABLE `dim_episode` DISABLE KEYS */;
INSERT INTO `dim_episode` VALUES
(1,3,1,'2006-09-10'),
(2,4,1,'2007-09-30'),
(3,3,6,'2006-11-19'),
(4,3,9,'2006-12-17'),
(5,3,11,'2007-01-28'),
(6,3,12,'2007-02-11'),
(7,3,14,'2007-03-25'),
(8,3,15,'2007-04-01'),
(9,3,16,'2007-04-29'),
(10,3,17,'2007-05-06'),
(11,3,19,'2007-05-20'),
(12,4,5,'2007-11-11'),
(13,4,6,'2007-11-18'),
(14,4,10,'2008-01-13'),
(15,4,11,'2008-01-27'),
(16,4,12,'2008-02-17'),
(17,4,14,'2008-05-04'),
(18,4,15,'2008-05-11'),
(19,4,16,'2008-05-18'),
(20,5,2,'2008-10-05'),
(21,5,7,'2008-11-30'),
(22,5,5,'2008-11-09'),
(23,5,6,'2008-11-16'),
(24,5,8,'2009-01-25'),
(25,5,9,'2009-02-08'),
(26,5,10,'2009-02-15'),
(27,5,12,'2009-03-08'),
(28,5,13,'2009-03-15'),
(29,5,14,'2009-03-22'),
(30,5,16,'2009-04-19'),
(31,5,17,'2009-04-26'),
(32,5,18,'2009-05-03'),
(33,5,19,'2009-05-10'),
(34,5,20,'2009-05-17'),
(35,6,4,'2009-10-18'),
(36,6,3,'2009-10-11'),
(37,6,2,'2009-10-04'),
(38,6,5,'2009-11-08'),
(39,6,6,'2009-11-15'),
(40,6,7,'2009-11-22'),
(41,6,8,'2009-11-29'),
(42,6,10,'2010-01-03'),
(43,6,11,'2010-01-31'),
(44,6,12,'2010-02-14'),
(45,6,13,'2010-02-21'),
(46,6,14,'2010-04-11'),
(47,6,15,'2010-04-18'),
(48,6,17,'2010-05-09'),
(49,6,18,'2010-05-16'),
(50,7,5,'2010-11-21'),
(51,7,6,'2010-11-28'),
(52,7,7,'2010-12-05'),
(53,7,8,'2010-12-12'),
(54,7,9,'2011-01-16'),
(55,7,11,'2011-02-13'),
(56,7,12,'2011-02-20'),
(57,7,13,'2011-03-27'),
(58,7,15,'2011-04-10'),
(59,7,16,'2011-04-17'),
(60,7,19,'2011-05-22'),
(61,8,3,'2011-11-06'),
(62,8,5,'2011-11-20'),
(63,8,6,'2011-11-27'),
(64,8,7,'2011-12-11'),
(65,8,8,'2012-01-08'),
(66,8,9,'2012-01-29'),
(67,8,12,'2012-03-04'),
(68,8,13,'2012-03-11'),
(69,8,15,'2012-03-25'),
(70,8,16,'2012-04-01'),
(71,8,17,'2012-05-06'),
(72,9,2,'2012-10-07'),
(73,9,4,'2012-11-18'),
(74,9,9,'2013-01-13'),
(75,9,11,'2013-02-10'),
(76,9,16,'2013-04-21'),
(77,9,17,'2013-04-28'),
(78,9,19,'2013-05-12'),
(79,10,1,'2013-09-29'),
(80,10,2,'2013-10-06'),
(81,10,4,'2013-11-10'),
(82,10,5,'2013-11-24'),
(83,10,6,'2013-12-01'),
(84,10,7,'2013-12-08'),
(85,10,11,'2014-01-26'),
(86,10,18,'2014-05-04'),
(87,10,14,'2014-03-30'),
(88,10,17,'2014-04-27'),
(89,10,13,'2014-03-23'),
(90,10,19,'2014-05-11'),
(91,10,20,'2014-05-18'),
(92,11,1,'2014-09-14'),
(93,11,2,'2014-09-14'),
(94,12,1,'2014-10-20'),
(95,12,3,'2014-11-03'),
(96,12,4,'2014-11-10'),
(97,12,5,'2014-11-17'),
(98,12,6,'2014-12-01'),
(99,12,7,'2015-02-23'),
(100,12,9,'2015-03-09'),
(101,12,11,'2015-03-23'),
(102,12,12,'2015-03-30'),
(103,12,13,'2015-05-18'),
(104,13,1,'2016-01-25'),
(105,13,2,'2016-02-01'),
(106,13,4,'2016-02-15'),
(107,13,5,'2016-02-22'),
(108,13,6,'2016-02-29'),
(109,13,7,'2016-03-07'),
(110,13,8,'2016-03-14'),
(111,13,10,'2016-03-28'),
(112,13,12,'2016-04-18'),
(113,13,15,'2016-05-09'),
(114,13,16,'2016-05-16'),
(115,13,17,'2016-05-23'),
(116,13,18,'2016-05-30'),
(117,13,20,'2016-06-13'),
(118,14,1,'2016-11-07'),
(119,14,2,'2016-11-14'),
(120,14,3,'2016-11-21'),
(121,14,4,'2016-11-28'),
(122,14,5,'2016-12-05'),
(123,14,6,'2016-12-12'),
(124,14,13,'2017-06-05'),
(125,14,9,'2017-04-17'),
(126,14,8,'2017-04-10'),
(127,14,10,'2017-04-24'),
(128,14,11,'2017-05-01'),
(129,14,14,'2017-06-12'),
(130,14,16,'2017-07-31'),
(131,14,17,'2017-08-07'),
(132,14,18,'2017-08-14'),
(133,14,19,'2017-08-21'),
(134,14,20,'2017-08-28'),
(135,14,21,'2017-09-04'),
(136,14,22,'2017-09-11'),
(137,15,3,'2018-02-19'),
(138,15,4,'2018-02-26'),
(139,15,5,'2018-03-05'),
(140,15,6,'2018-03-12'),
(141,15,9,'2018-04-09'),
(142,15,10,'2018-04-16'),
(143,15,12,'2018-04-30'),
(144,15,13,'2018-05-07'),
(145,15,14,'2019-02-11'),
(146,15,16,'2019-02-25'),
(147,15,17,'2019-03-04'),
(148,15,21,'2019-04-01'),
(149,15,22,'2019-04-08'),
(150,16,1,'2019-04-15'),
(151,16,2,'2019-04-22'),
(152,16,3,'2019-04-29'),
(153,16,4,'2019-05-06'),
(154,16,6,'2019-05-20'),
(155,16,5,'2019-05-13'),
(156,16,8,'2019-06-03'),
(157,16,9,'2019-06-10'),
(158,16,10,'2019-06-17'),
(159,16,11,'2019-06-24'),
(160,16,12,'2019-07-01'),
(161,16,14,'2019-07-15'),
(162,16,15,'2019-07-22'),
(163,16,17,'2019-08-05'),
(164,16,16,'2019-07-29'),
(165,16,18,'2019-08-12'),
(166,16,19,'2019-08-19'),
(167,17,2,'2020-04-20'),
(168,17,3,'2020-04-27'),
(169,17,1,'2020-04-13'),
(170,17,4,'2020-05-04'),
(171,17,5,'2020-05-11'),
(172,17,17,'2020-08-03'),
(173,17,9,'2020-06-08'),
(174,17,12,'2020-06-29'),
(175,17,14,'2020-07-13'),
(176,17,15,'2020-07-20'),
(177,17,19,'2020-08-17'),
(178,17,23,'2020-09-14'),
(179,17,24,'2020-12-21'),
(180,18,1,'2021-04-19'),
(181,18,2,'2021-04-26'),
(182,18,3,'2021-05-03'),
(183,18,6,'2021-05-24'),
(184,18,7,'2021-05-31'),
(185,18,8,'2021-06-07'),
(186,18,16,'2021-08-02'),
(187,18,12,'2021-07-05'),
(188,18,11,'2021-06-28'),
(189,18,13,'2021-07-12'),
(190,18,14,'2021-07-19'),
(191,18,15,'2021-07-26'),
(192,18,18,'2021-08-16'),
(193,18,19,'2021-08-23'),
(194,18,22,'2021-10-25'),
(195,19,1,'2022-01-24'),
(196,19,2,'2022-01-31'),
(197,19,3,'2022-02-07'),
(198,19,4,'2022-02-14'),
(199,19,6,'2022-02-28'),
(200,19,8,'2022-03-14'),
(201,19,11,'2022-09-19'),
(202,19,16,'2022-11-07'),
(203,19,15,'2022-10-31'),
(204,19,18,'2022-11-21'),
(205,19,19,'2022-11-28'),
(206,19,20,'2022-12-05'),
(207,19,22,'2022-12-19'),
(208,20,2,'2023-04-03'),
(209,20,4,'2023-04-17'),
(210,20,7,'2023-05-15'),
(211,20,9,'2023-05-29'),
(212,20,13,'2023-09-25'),
(213,20,11,'2023-09-11'),
(214,20,12,'2023-09-18'),
(215,20,16,'2023-11-06'),
(216,20,17,'2023-11-13'),
(217,20,18,'2023-11-20'),
(218,20,19,'2023-11-27'),
(219,20,20,'2023-12-04'),
(220,20,21,'2023-12-11'),
(221,21,2,'2024-11-04'),
(222,21,6,'2024-12-02'),
(223,21,7,'2024-12-09'),
(224,21,8,'2024-12-16');
/*!40000 ALTER TABLE `dim_episode` ENABLE KEYS */;
UNLOCK TABLES;
COMMIT;
SET AUTOCOMMIT=@OLD_AUTOCOMMIT;

--
-- Table structure for table `dim_persona`
--

DROP TABLE IF EXISTS `dim_persona`;
/*!40101 SET @saved_cs_client     = @@character_set_client */;
/*!40101 SET character_set_client = utf8mb4 */;
CREATE TABLE `dim_persona` (
  `id` int(10) unsigned NOT NULL AUTO_INCREMENT,
  `name` varchar(67) NOT NULL,
  `occupation` varchar(255) DEFAULT NULL,
  PRIMARY KEY (`id`),
  UNIQUE KEY `name` (`name`)
) ENGINE=InnoDB AUTO_INCREMENT=512 DEFAULT CHARSET=utf8mb4 COLLATE=utf8mb4_uca1400_ai_ci;
/*!40101 SET character_set_client = @saved_cs_client */;

--
-- Dumping data for table `dim_persona`
--

SET @OLD_AUTOCOMMIT=@@AUTOCOMMIT, @@AUTOCOMMIT=0;
LOCK TABLES `dim_persona` WRITE;
/*!40000 ALTER TABLE `dim_persona` DISABLE KEYS */;
INSERT INTO `dim_persona` VALUES
(1,'A. Paul Gary','Drug Mixologist'),
(2,'A. Poth E. Cary','Dealing in Potions and Poisons'),
(3,'Abbey Road',NULL),
(4,'Abigail Lemonparty',NULL),
(5,'Ace Chapman','Star Forward'),
(6,'Ace Crouton',NULL),
(7,'Alicia Wilkner',NULL),
(8,'Amber',NULL),
(9,'Apothe-Carrie Bradshaw','Sex Blogger'),
(10,'Applebee McFridays',NULL),
(11,'Arbuckle T. Boone','Life Coach'),
(12,'Barney Bux',NULL),
(13,'Betsy',NULL),
(14,'Betsy\'s Husband',NULL),
(15,'Betty Bea Getty McClanahan',NULL),
(16,'Bill Cutler','Local Midday News Anchor'),
(17,'Billy Jesusworth',NULL),
(18,'Bing Cooper','Sexually Active High School Senior'),
(19,'Blind Justice',NULL),
(20,'Bob Danelou',NULL),
(21,'Braff Zacklin',NULL),
(22,'Brandon Ramage',NULL),
(23,'Branson McNair',NULL),
(24,'Brittney M',NULL),
(25,'Brock',NULL),
(26,'Brother Jenkins',NULL),
(27,'Buck Wetnap','Survivalist'),
(28,'Burt Jarvis',NULL),
(29,'Caitlyn Miracle Smith',NULL),
(30,'Calypso Banana Puffy-Sleeves',NULL),
(31,'Captain Francois Dubonet','French Interpol'),
(32,'Cecilia Takaru',NULL),
(33,'CEO of Octodual',NULL),
(34,'CEO of Tetradual',NULL),
(35,'Chantilly DuBois','World Class Medium'),
(36,'Charles Bronson',NULL),
(37,'Chaz Babylon','Speculative Venom Harvester'),
(38,'Chex LeMeneux',NULL),
(39,'Chilly',NULL),
(40,'Christine Lucy L\'amour',NULL),
(41,'Chuck Deptula','Union Gaffer'),
(42,'Chunk Dunkirk','Incontinent Jai Alai Instructor'),
(43,'Clancy',NULL),
(44,'Cleshawn Montegue',NULL),
(45,'Clifton',NULL),
(46,'Clint McGlint','Local Piece of Shit'),
(47,'Clip-Clop',NULL),
(48,'Clive Trotter',NULL),
(49,'Clum Bizzelskottom',NULL),
(50,'Coach Burton Grundy',NULL),
(51,'Colton Lansington','Renegade Space Cop Who Struggles to Keep His Bipolar Disorder in Check'),
(52,'Cordila Buttersnatch',NULL),
(53,'Cousin Phil',NULL),
(54,'Criss-Cross Applesauce',NULL),
(55,'Cuss Mustard',NULL),
(56,'Dalton Galloway',NULL),
(57,'Dan Andsome-Handsome',NULL),
(58,'Dean of Fake School in Nairobi',NULL),
(59,'DeAndre Comadendo','Traveling Nurse'),
(60,'Deganya',NULL),
(61,'Dick Keebler',NULL),
(62,'Dimitri Garabedian','High Ranking Member of the Armenian Mafia'),
(63,'Dimitri Krotchlikmioff','New Exchange Student from Russia'),
(64,'Dimitrius Fitzpatio','Chiropractor to the Stars'),
(65,'Dirt Mirkledunk/Mirk Dirkledunk',NULL),
(66,'Dom Fikowski','The Asphalt King'),
(67,'Donald',NULL),
(68,'Donna',NULL),
(69,'Doug Nugget','Unlicensed Grief Counselor'),
(70,'Dr. Buttblast',NULL),
(71,'Dr. Dante Octavarius','Seahorse Breeder'),
(72,'Dr. F. Lance Shoeman',NULL),
(73,'Dr. Gerald Ya Ya',NULL),
(74,'Dr. Kenji','Dentist to the Japanese Mafia'),
(75,'Dr. Lawrence Feldmen',NULL),
(76,'Dr. Rafael Penguin',NULL),
(77,'Dr. Steele Birchington','Houston Cardiac Surgeon'),
(78,'Dr. Sunny Sunderson',NULL),
(79,'Dudley Dingleberry',NULL),
(80,'Edith',NULL),
(81,'El Narco',NULL),
(82,'Emmilou Sugarbean',NULL),
(83,'Erastus Junipero Horton','Mall Caretaker'),
(84,'Eric Reynolds','Tall 5th Grader'),
(85,'Ernest Shlumpel',NULL),
(86,'Fantasia Lopez',NULL),
(87,'Flower',NULL),
(88,'Frank Slade',NULL),
(89,'Frank Trueblue',NULL),
(90,'Frankie Carconi',NULL),
(91,'Freddie Underwood','Porn Screenwriter Extraordinaire'),
(92,'Frenchus Mallmank',NULL),
(93,'General Juanito Pequeño',NULL),
(94,'Genevieve Vavance',NULL),
(95,'George Hamilton 20 Years Ago',NULL),
(96,'Giardia Capitosto','Web Ad Stock Photo Talent Manager'),
(97,'Gilda Bux',NULL),
(98,'Gina Lavetti',NULL),
(99,'Glad Handz',NULL),
(100,'Gollum',NULL),
(101,'Gord Gomax','Michael Jackson Apologist'),
(102,'Greater Chimdale County Man',NULL),
(103,'Gunther',NULL),
(104,'Gust Breezer','Wind Theorist'),
(105,'Hard-Boild P.I. Character',NULL),
(106,'Hayley\'s Sandal Repairman',NULL),
(107,'Hazel Bazels','A Documentary Director'),
(108,'Hershel Hershbaum',NULL),
(109,'Hibachi Liberace','Terrible Origami Artist'),
(110,'H.J. Rimmens',NULL),
(111,'Hollander Hollandaise','Mind Hunter'),
(112,'Horse Renoir',NULL),
(113,'Hubert LeGrange','Bounty Hunter'),
(114,'Hugh Jeanmen Jackman','Lumberjack Coach'),
(115,'Ira Siegal',NULL),
(116,'Irwin Beyer Junior','Acting Coach'),
(117,'Jackie Kanken','Poorly Reviewed Ebay Seller'),
(118,'Jacob Brandeis',NULL),
(119,'Jameson McSmirnoff','Bartender For Hire'),
(120,'Jamirquai J. Spunklestain',NULL),
(121,'Janitor',NULL),
(122,'Jeannie Gold','Incontinent Wedding Planner'),
(123,'Jenna Diarrhea Evans','Heiress to the Diarrhea Fortune'),
(124,'Jenny Fromdabloc',NULL),
(125,'Jeremy Neiderhoff','College Freshman'),
(126,'Jerry Jets',NULL),
(127,'Jesse',NULL),
(128,'John Goodhorse','Native American Activist and Sex Offender.'),
(129,'Johnny Lasagna',NULL),
(130,'JoJo Keen Wa',NULL),
(131,'Josay Bosay',NULL),
(132,'Josh Bycel','Transfer Student From the Poor Part of Santa Barbara'),
(133,'Julia Rogerts',NULL),
(134,'Justin Delano Hemingway (South Dakota Slim)',NULL),
(135,'Justin Hemingway\'s Dad',NULL),
(136,'Kay Pardo-Simcard',NULL),
(137,'Kevin Bacon',NULL),
(138,'Kevin Ramage',NULL),
(139,'Kevin Ramage\'s Mom',NULL),
(140,'Korean Kid Who Shoots Pool With a Giant Chopstick',NULL),
(141,'Krispy Kreme Mcdonald',NULL),
(142,'Lacey Krinklehoel',NULL),
(143,'Laura Vanderbooben',NULL),
(144,'Lavarr Crush','Life Coach'),
(145,'Lazlo Morphine',NULL),
(146,'Lieutenant Wings','Enormous Mosquito'),
(147,'Little Bonnie Ramirez',NULL),
(148,'Lou Babba Doo','Business Guru'),
(149,'Lucius Mayweather',NULL),
(150,'Luis Valdez',NULL),
(151,'Luke Fondleburg',NULL),
(152,'Machmud Thikbooti','Fraternity Prankster'),
(153,'Madame Buttercup',NULL),
(154,'Madeline Carpal-Tunnel',NULL),
(155,'Maestro Guenter Van Sliezebiscuit',NULL),
(156,'Mama Carconi',NULL),
(157,'Marmalade',NULL),
(158,'Martin Sugar',NULL),
(159,'Matt M','Assistant Manager of Store #52'),
(160,'Maurice Barns',NULL),
(161,'Max Jets',NULL),
(162,'Maynard Butterbean','IRS Auditor'),
(163,'McManahan Industries Employee',NULL),
(164,'Meredith Fields',NULL),
(165,'Michael Corbin',NULL),
(166,'Mike Babcock','PTA Rockstar'),
(167,'Mike Microscope',NULL),
(168,'Miles Raymond',NULL),
(169,'Morning Rooster',NULL),
(170,'Morris Buttermaker',NULL),
(171,'Mr. Deliver',NULL),
(172,'Mr. Mustachios',NULL),
(173,'Mr. Tavarelli',NULL),
(174,'Mr. Vanderhill',NULL),
(175,'Mrs. Harriet Bustax',NULL),
(176,'Mrs. Neiderhoff',NULL),
(177,'Mrs. Weinsteinopolis',NULL),
(178,'Nacho Bartoromo','Serial Kiler'),
(179,'Naiomi Carcaterra',NULL),
(180,'Old West Bounty Hunter',NULL),
(181,'Olladouis Goofoff','Russian Banana Inspector'),
(182,'Parker Peters',NULL),
(183,'Pasta Focaccia',NULL),
(184,'Patrice Mixhole',NULL),
(185,'Patrick Brian David Michael Green-Howard',NULL),
(186,'Paul Gary','Mixologist'),
(187,'Pete Pendleman','Concrete Man Out of Sheboygan'),
(188,'Pete Van Smash',NULL),
(189,'Phil Spector',NULL),
(190,'Professor Baxter',NULL),
(191,'Professor Dickens Longbottom',NULL),
(192,'Professor Jordan Edelstein',NULL),
(193,'Quentin Poundridge','Puerto Rican Hand Model'),
(194,'Rafferty Westmore',NULL),
(195,'Ragi-Baba',NULL),
(196,'Raider Dave',NULL),
(197,'Ramona/Regina',NULL),
(198,'Rashid',NULL),
(199,'Raul',NULL),
(200,'Reaganomics Lamborghini','Jacuzzi Dealer'),
(201,'Renegade',NULL),
(202,'Ricky Spanish',NULL),
(203,'Rocherro Ferrero','Super Rich Pudding Heiress'),
(204,'Roger Epstein',NULL),
(205,'Roland Chang','Super Positive Asian'),
(206,'Rolex Gordini',NULL),
(207,'Ronald Peechotka','Baseball Card Guy'),
(208,'Roslyn Jenkins',NULL),
(209,'Roy Rogers McFreely',NULL),
(210,'Rub Rub Tuggington',NULL),
(211,'Ruby Zeldastein','Medium to the Other Side'),
(212,'Rudolfo Mayerling',NULL),
(213,'Rufus P. Melonballer',NULL),
(214,'Rusty Buntafolio',NULL),
(215,'Samantha Kingsbury',NULL),
(216,'Scotch Bingington','The True King of Spring Break'),
(217,'Sensei Ryan',NULL),
(218,'Sergeant Pepper',NULL),
(219,'Sexy Snake',NULL),
(220,'Shebecca Escrow',NULL),
(221,'Sherlock Groans','Poop Detective'),
(222,'Shinju Omigawa','Japanese Subway Molester'),
(223,'Sholanda Dykes','AT&T Operator'),
(224,'Sidney Huffman',NULL),
(225,'Sinjin St. John','Retired Maritime Lawyer and Avid Egg Collector'),
(226,'Sir Jennings Cockburn','Fashion Titan of Post-War London'),
(227,'Skyler Montessori','Founder of Rainbow Unicorn Gardens'),
(228,'Staples McFoldsalot','Paper Hater'),
(229,'Sweeps McCullough','Talent Manager'),
(230,'Tammy Twopiece',NULL),
(231,'Tasha Flunchen','Super Model and International Party Girl'),
(232,'Tato Monticello','Art Heist Guy'),
(233,'Tawney Luxardo',NULL),
(234,'Tearjerker',NULL),
(235,'Teddy Sraberg',NULL),
(236,'The Gambler',NULL),
(237,'The Grounch',NULL),
(238,'The Legman',NULL),
(239,'The Phantom of the Telethon',NULL),
(240,'The Tender Vigilante',NULL),
(241,'The World\'s Most Dangerous Assassin',NULL),
(242,'Toga Gomez','NASCAR Vampire'),
(243,'Tom yabo',NULL),
(244,'Tommy Calhoun','Attorney at Law'),
(245,'Tony',NULL),
(246,'Toro',NULL),
(247,'Trevor',NULL),
(248,'Twanderlust Lumpkin',NULL),
(249,'Twill Ongenbone',NULL),
(250,'(Un-named) Baby',NULL),
(251,'(Un-named) Dead Pedophile',NULL),
(252,'(Un-named) Lady of the Night',NULL),
(253,'(Un-named) Mall Walker',NULL),
(254,'(Un-named) Priest',NULL),
(255,'(Un-named) Scout',NULL),
(256,'Uncle Cosworth',NULL),
(257,'Uncle Kappy',NULL),
(258,'Valik',NULL),
(259,'Vince Monaco','Legendary Firehouse Prankster'),
(260,'W. Willard Wartz',NULL),
(261,'Wally Wrobel',NULL),
(262,'Warren Beanstalk',NULL),
(263,'Wheelie Peddalaton/Schwinn Chafecrotch',NULL),
(264,'Winfrey',NULL),
(265,'Winston Equity III',NULL),
(266,'Wolfman Jack DJ Persona',NULL),
(267,'Yeager Chillax',NULL),
(268,'Yuckov McGruder',NULL);
/*!40000 ALTER TABLE `dim_persona` ENABLE KEYS */;
UNLOCK TABLES;
COMMIT;
SET AUTOCOMMIT=@OLD_AUTOCOMMIT;

--
-- Table structure for table `fact_appearance`
--

DROP TABLE IF EXISTS `fact_appearance`;
/*!40101 SET @saved_cs_client     = @@character_set_client */;
/*!40101 SET character_set_client = utf8mb4 */;
CREATE TABLE `fact_appearance` (
  `id` int(10) unsigned NOT NULL AUTO_INCREMENT,
  `persona` int(10) unsigned NOT NULL,
  `episode` int(10) unsigned NOT NULL,
  `is_intro` tinyint(1) NOT NULL DEFAULT 0,
  PRIMARY KEY (`id`),
  UNIQUE KEY `persona` (`persona`,`episode`,`is_intro`),
  KEY `episode` (`episode`),
  CONSTRAINT `1` FOREIGN KEY (`persona`) REFERENCES `dim_persona` (`id`) ON DELETE CASCADE,
  CONSTRAINT `2` FOREIGN KEY (`episode`) REFERENCES `dim_episode` (`id`) ON DELETE CASCADE
) ENGINE=InnoDB AUTO_INCREMENT=512 DEFAULT CHARSET=utf8mb4 COLLATE=utf8mb4_uca1400_ai_ci;
/*!40101 SET character_set_client = @saved_cs_client */;

--
-- Dumping data for table `fact_appearance`
--

SET @OLD_AUTOCOMMIT=@@AUTOCOMMIT, @@AUTOCOMMIT=0;
LOCK TABLES `fact_appearance` WRITE;
/*!40000 ALTER TABLE `fact_appearance` DISABLE KEYS */;
INSERT INTO `fact_appearance` VALUES
(342,1,198,0),
(343,2,198,0),
(57,3,40,0),
(117,4,72,0),
(151,4,95,1),
(88,5,57,0),
(101,5,64,1),
(191,6,117,0),
(213,6,130,1),
(104,7,66,0),
(48,8,34,0),
(344,9,198,0),
(71,10,48,0),
(157,11,100,0),
(375,12,223,0),
(146,13,92,0),
(147,14,92,0),
(168,14,107,1),
(3,15,2,0),
(7,16,6,0),
(188,17,115,0),
(217,17,133,1),
(89,18,57,0),
(156,18,99,1),
(267,19,152,0),
(77,20,52,0),
(13,21,12,0),
(64,21,45,1),
(135,22,84,0),
(241,23,146,0),
(325,24,188,0),
(242,25,146,0),
(184,26,113,0),
(211,26,129,1),
(186,27,114,0),
(221,27,135,1),
(169,28,108,0),
(52,29,36,0),
(95,30,60,0),
(35,31,28,0),
(127,31,78,1),
(178,32,112,0),
(170,33,108,0),
(171,34,108,0),
(200,34,122,1),
(298,35,175,0),
(321,35,186,1),
(23,36,20,0),
(49,36,34,1),
(306,37,180,0),
(339,37,196,1),
(65,38,45,0),
(91,38,58,1),
(15,39,13,0),
(43,39,30,1),
(218,40,133,0),
(193,41,119,0),
(243,42,146,0),
(59,43,42,0),
(98,43,61,1),
(85,44,55,0),
(125,44,76,1),
(177,45,111,0),
(206,45,124,1),
(368,46,218,0),
(18,47,16,0),
(67,48,46,0),
(93,48,59,1),
(236,49,144,0),
(265,49,150,1),
(356,50,208,0),
(50,51,35,0),
(244,52,146,0),
(17,53,15,0),
(58,53,41,1),
(189,54,115,0),
(96,55,60,0),
(194,56,120,0),
(100,57,63,0),
(154,57,97,1),
(120,58,74,0),
(245,59,146,0),
(305,60,179,0),
(332,60,192,1),
(278,61,162,0),
(296,61,174,1),
(36,62,28,0),
(108,63,67,0),
(161,63,102,1),
(327,64,189,0),
(309,65,182,0),
(163,66,104,0),
(192,66,118,1),
(139,67,86,0),
(172,67,109,1),
(208,68,126,0),
(224,68,137,1),
(246,69,146,0),
(280,70,163,0),
(247,71,146,0),
(297,72,174,0),
(323,72,187,1),
(112,73,70,0),
(369,74,218,0),
(78,75,52,0),
(54,76,38,0),
(328,77,189,0),
(333,78,192,0),
(353,78,205,1),
(222,79,135,0),
(262,79,148,1),
(114,80,71,0),
(287,81,169,0),
(320,81,185,1),
(44,82,31,0),
(351,83,203,0),
(367,83,217,1),
(248,84,146,0),
(40,85,29,0),
(60,86,43,0),
(334,87,193,0),
(354,87,206,1),
(111,88,69,0),
(209,89,127,0),
(164,90,104,0),
(30,91,25,0),
(283,92,166,0),
(53,93,37,0),
(134,93,83,1),
(144,94,90,0),
(175,94,110,1),
(118,95,72,0),
(190,95,116,1),
(372,96,220,0),
(376,97,223,0),
(266,98,151,0),
(290,98,171,1),
(229,99,139,0),
(284,99,166,1),
(66,100,45,0),
(312,101,184,0),
(103,102,65,0),
(141,102,87,1),
(336,103,195,0),
(365,104,215,0),
(1,105,1,0),
(105,106,66,0),
(291,107,171,0),
(329,107,190,1),
(41,108,29,0),
(131,108,81,1),
(303,109,178,0),
(230,110,139,0),
(273,110,157,1),
(363,111,213,0),
(12,112,11,0),
(81,112,54,1),
(87,113,56,0),
(324,114,187,0),
(349,114,202,1),
(63,115,44,0),
(86,116,55,0),
(249,117,146,0),
(271,117,155,1),
(8,118,7,0),
(61,118,43,1),
(337,119,195,0),
(370,120,218,0),
(237,121,144,0),
(55,122,39,0),
(313,123,184,0),
(94,124,59,0),
(148,124,93,1),
(173,125,109,0),
(205,125,123,1),
(123,126,75,0),
(286,127,168,0),
(288,127,169,1),
(68,128,46,0),
(250,129,146,0),
(150,130,94,0),
(331,131,191,0),
(92,132,58,0),
(212,133,129,0),
(263,133,149,1),
(219,134,134,0),
(220,135,134,0),
(201,136,122,0),
(9,137,8,0),
(74,137,49,1),
(136,138,84,0),
(185,138,113,1),
(137,139,84,0),
(106,140,66,0),
(6,141,5,0),
(32,141,26,1),
(281,142,164,0),
(299,142,175,1),
(20,143,18,0),
(46,143,32,1),
(158,144,100,0),
(155,145,98,0),
(314,146,184,0),
(341,146,197,1),
(315,147,184,0),
(301,148,177,0),
(42,149,29,0),
(113,150,70,0),
(21,151,18,0),
(121,152,74,0),
(138,153,85,0),
(167,153,106,1),
(128,154,79,0),
(377,155,224,0),
(165,156,104,0),
(215,157,131,0),
(239,157,145,1),
(79,158,52,0),
(374,159,222,0),
(11,160,10,0),
(124,161,75,0),
(140,161,86,1),
(308,162,181,0),
(326,162,188,1),
(195,163,120,0),
(179,164,112,0),
(210,164,128,1),
(149,165,93,0),
(180,166,112,0),
(316,167,184,0),
(70,168,47,0),
(97,168,60,1),
(251,169,146,0),
(300,169,176,1),
(45,170,31,0),
(176,171,110,0),
(29,172,24,0),
(225,173,137,0),
(295,173,173,1),
(107,174,66,0),
(153,174,96,1),
(335,175,194,0),
(348,175,201,1),
(174,176,109,0),
(232,177,141,0),
(279,177,162,1),
(252,178,146,0),
(272,178,156,1),
(317,179,184,0),
(223,180,136,0),
(253,181,146,0),
(19,182,17,0),
(307,183,180,0),
(202,184,122,0),
(203,185,122,0),
(345,186,198,0),
(359,186,210,1),
(82,187,54,0),
(292,188,172,0),
(264,189,149,0),
(282,189,165,1),
(4,190,3,0),
(31,190,25,1),
(357,191,208,0),
(2,192,1,0),
(28,192,23,1),
(254,193,146,0),
(270,193,154,1),
(204,194,122,0),
(231,194,140,1),
(196,195,120,0),
(181,196,112,0),
(145,197,91,0),
(182,197,112,1),
(10,198,9,0),
(27,198,22,1),
(37,199,28,0),
(83,200,54,0),
(234,201,143,0),
(277,201,161,1),
(115,202,71,0),
(143,202,89,1),
(373,203,221,0),
(5,204,4,0),
(102,205,64,0),
(358,206,209,0),
(255,207,146,0),
(159,208,100,0),
(34,209,27,0),
(90,209,57,1),
(360,210,210,0),
(130,211,80,0),
(187,211,114,1),
(347,212,200,0),
(361,212,211,1),
(302,213,177,0),
(198,214,121,0),
(183,215,112,0),
(22,216,19,0),
(152,217,95,0),
(109,218,68,0),
(160,218,101,1),
(226,219,138,0),
(289,219,170,1),
(338,220,195,0),
(362,220,212,1),
(330,221,190,0),
(352,221,204,1),
(116,222,71,0),
(24,223,20,0),
(162,223,103,1),
(25,224,20,0),
(227,225,138,0),
(275,225,159,1),
(340,226,196,0),
(129,227,79,0),
(304,228,178,0),
(75,229,50,0),
(99,229,62,1),
(240,230,145,0),
(197,231,120,0),
(228,231,138,1),
(199,232,121,0),
(216,233,132,0),
(238,233,144,1),
(16,234,14,0),
(72,234,48,1),
(311,235,183,0),
(371,236,219,0),
(355,237,207,0),
(14,238,12,0),
(26,239,21,0),
(51,239,35,1),
(84,240,54,0),
(293,241,172,0),
(310,241,182,1),
(318,242,184,0),
(119,243,73,0),
(142,243,88,1),
(38,244,28,0),
(33,245,26,0),
(80,245,53,1),
(39,246,28,0),
(126,246,77,1),
(132,247,82,0),
(207,248,125,0),
(122,249,74,0),
(256,250,146,0),
(322,251,186,0),
(257,252,146,0),
(268,252,152,1),
(258,253,146,0),
(274,253,158,1),
(259,254,146,0),
(269,254,153,1),
(260,255,146,0),
(276,255,160,1),
(62,256,43,0),
(76,257,51,0),
(166,257,105,1),
(56,258,39,0),
(133,258,82,1),
(69,259,46,0),
(233,260,142,0),
(350,261,202,0),
(364,261,214,1),
(47,262,33,0),
(261,263,147,0),
(73,264,48,0),
(110,264,68,1),
(319,265,184,0),
(346,266,199,0),
(366,266,216,1),
(214,267,130,0),
(235,267,143,1),
(285,268,167,0),
(294,268,172,1);
/*!40000 ALTER TABLE `fact_appearance` ENABLE KEYS */;
UNLOCK TABLES;
COMMIT;
SET AUTOCOMMIT=@OLD_AUTOCOMMIT;
/*!40103 SET TIME_ZONE=@OLD_TIME_ZONE */;

/*!40101 SET SQL_MODE=@OLD_SQL_MODE */;
/*!40014 SET FOREIGN_KEY_CHECKS=@OLD_FOREIGN_KEY_CHECKS */;
/*!40014 SET UNIQUE_CHECKS=@OLD_UNIQUE_CHECKS */;
/*!40101 SET CHARACTER_SET_CLIENT=@OLD_CHARACTER_SET_CLIENT */;
/*!40101 SET CHARACTER_SET_RESULTS=@OLD_CHARACTER_SET_RESULTS */;
/*!40101 SET COLLATION_CONNECTION=@OLD_COLLATION_CONNECTION */;
/*M!100616 SET NOTE_VERBOSITY=@OLD_NOTE_VERBOSITY */;

-- Dump completed on 2026-07-20  4:47:48
