/*M!999999\- enable the sandbox mode */ 
-- MariaDB dump 10.19-12.2.2-MariaDB, for Win64 (AMD64)
--
-- Host: localhost    Database: rogerdodger
-- ------------------------------------------------------
-- Server version	12.2.2-MariaDB

/*!40101 SET @OLD_CHARACTER_SET_CLIENT=@@CHARACTER_SET_CLIENT */;
/*!40101 SET @OLD_CHARACTER_SET_RESULTS=@@CHARACTER_SET_RESULTS */;
/*!40101 SET @OLD_COLLATION_CONNECTION=@@COLLATION_CONNECTION */;
/*!40101 SET NAMES utf8mb4 */;
/*!40103 SET @OLD_TIME_ZONE=@@TIME_ZONE */;
/*!40103 SET TIME_ZONE='+00:00' */;
/*!40014 SET @OLD_UNIQUE_CHECKS=@@UNIQUE_CHECKS, UNIQUE_CHECKS=0 */;
/*!40014 SET @OLD_FOREIGN_KEY_CHECKS=@@FOREIGN_KEY_CHECKS, FOREIGN_KEY_CHECKS=0 */;
/*!40101 SET @OLD_SQL_MODE=@@SQL_MODE, SQL_MODE='NO_AUTO_VALUE_ON_ZERO' */;
/*M!100616 SET @OLD_NOTE_VERBOSITY=@@NOTE_VERBOSITY, NOTE_VERBOSITY=0 */;

--
-- Table structure for table `appearance`
--

DROP TABLE IF EXISTS `appearance`;
/*!40101 SET @saved_cs_client     = @@character_set_client */;
/*!40101 SET character_set_client = utf8mb4 */;
CREATE TABLE `appearance` (
  `id` int(10) unsigned NOT NULL AUTO_INCREMENT,
  `persona` int(10) unsigned NOT NULL,
  `episode` int(10) unsigned NOT NULL,
  `is_intro` tinyint(1) NOT NULL DEFAULT 0,
  PRIMARY KEY (`id`),
  UNIQUE KEY `persona` (`persona`,`episode`,`is_intro`),
  KEY `episode` (`episode`),
  CONSTRAINT `1` FOREIGN KEY (`persona`) REFERENCES `persona` (`id`) ON DELETE CASCADE,
  CONSTRAINT `2` FOREIGN KEY (`episode`) REFERENCES `episode` (`id`) ON DELETE CASCADE
) ENGINE=InnoDB AUTO_INCREMENT=378 DEFAULT CHARSET=utf8mb4 COLLATE=utf8mb4_uca1400_ai_ci;
/*!40101 SET character_set_client = @saved_cs_client */;

--
-- Dumping data for table `appearance`
--

SET @OLD_AUTOCOMMIT=@@AUTOCOMMIT, @@AUTOCOMMIT=0;
LOCK TABLES `appearance` WRITE;
/*!40000 ALTER TABLE `appearance` DISABLE KEYS */;
INSERT INTO `appearance` VALUES
(1,1,8921577,0),
(2,2,8921577,0),
(3,3,1206991,0),
(4,4,4401913,0),
(5,4,5015819,1),
(6,5,3414001,0),
(7,5,4204167,1),
(8,6,5560900,0),
(9,6,6106625,1),
(10,7,4240144,0),
(11,8,561741,0),
(12,9,8921577,0),
(13,10,2052571,0),
(14,11,5123247,0),
(15,12,10814086,0),
(16,13,4802130,0),
(17,14,4802130,0),
(18,14,5493715,1),
(19,15,313216,0),
(20,16,320162,0),
(21,17,5546739,0),
(22,17,6203747,1),
(23,18,3414001,0),
(24,18,5123244,1),
(25,19,7090881,0),
(26,20,3186011,0),
(27,21,335794,0),
(28,21,1761761,1),
(29,22,4685788,0),
(30,23,7032417,0),
(31,24,8516461,0),
(32,25,7032417,0),
(33,26,5546737,0),
(34,26,6084382,1),
(35,27,5546738,0),
(36,27,6246774,1),
(37,28,5493717,0),
(38,29,1088271,0),
(39,30,4092071,0),
(40,31,443947,0),
(41,31,4488787,1),
(42,32,5521431,0),
(43,33,5493717,0),
(44,34,5493717,0),
(45,34,5802133,1),
(46,35,7802406,0),
(47,35,8513534,1),
(48,36,378656,0),
(49,36,561741,1),
(50,37,8357769,0),
(51,37,8921575,1),
(52,38,1761761,0),
(53,38,3920561,1),
(54,39,335795,0),
(55,39,560991,1),
(56,40,6203747,0),
(57,41,5773608,0),
(58,42,7032417,0),
(59,43,1399681,0),
(60,43,4182889,1),
(61,44,3413981,0),
(62,44,4488781,1),
(63,45,5493720,0),
(64,45,5925435,1),
(65,46,9978925,0),
(66,47,335801,0),
(67,48,2052541,0),
(68,48,4076409,1),
(69,49,6593325,0),
(70,49,7090874,1),
(71,50,9679804,0),
(72,51,1088261,0),
(73,52,7032417,0),
(74,53,335800,0),
(75,53,1354141,1),
(76,54,5546739,0),
(77,55,4092071,0),
(78,56,5773609,0),
(79,57,4204166,0),
(80,57,5015822,1),
(81,58,4466134,0),
(82,59,7032417,0),
(83,60,8077833,0),
(84,60,8525907,1),
(85,61,7186578,0),
(86,61,7795917,1),
(87,62,443947,0),
(88,63,4270184,0),
(89,63,5166474,1),
(90,64,8525903,0),
(91,65,8387210,0),
(92,66,5441126,0),
(93,66,5670286,1),
(94,67,4723731,0),
(95,67,5493718,1),
(96,68,5970949,0),
(97,68,6467666,1),
(98,69,7032417,0),
(99,70,7186579,0),
(100,71,7032417,0),
(101,72,7795917,0),
(102,72,8516189,1),
(103,73,4284719,0),
(104,74,9978925,0),
(105,75,3186011,0),
(106,76,1206941,0),
(107,77,8525903,0),
(108,78,8525907,0),
(109,78,9312480,1),
(110,79,6246774,0),
(111,79,7090866,1),
(112,80,4315938,0),
(113,81,7675666,0),
(114,81,8416518,1),
(115,82,561021,0),
(116,83,9312478,0),
(117,83,9978924,1),
(118,84,7032417,0),
(119,85,443948,0),
(120,86,1647421,0),
(121,87,8525908,0),
(122,87,9312481,1),
(123,88,4280150,0),
(124,89,5970951,0),
(125,90,5441126,0),
(126,91,433935,0),
(127,92,7186582,0),
(128,93,1134001,0),
(129,93,4685779,1),
(130,94,4723740,0),
(131,94,5493719,1),
(132,95,4401913,0),
(133,95,5546740,1),
(134,96,9978927,0),
(135,97,10814086,0),
(136,98,7090878,0),
(137,98,7724446,1),
(138,99,6543804,0),
(139,99,7186582,1),
(140,100,1761761,0),
(141,101,8416517,0),
(142,102,4221556,0),
(143,102,4723734,1),
(144,103,8883939,0),
(145,104,9978922,0),
(146,105,307007,0),
(147,106,4240144,0),
(148,107,7724446,0),
(149,107,8525904,1),
(150,108,443948,0),
(151,108,4655085,1),
(152,109,7838164,0),
(153,110,6543804,0),
(154,110,7186572,1),
(155,111,9949746,0),
(156,112,329108,0),
(157,112,3413961,1),
(158,113,3413991,0),
(159,114,8516189,0),
(160,114,9312474,1),
(161,115,1685341,0),
(162,116,3413981,0),
(163,117,7032417,0),
(164,117,7152580,1),
(165,118,327015,0),
(166,118,1647421,1),
(167,119,8883939,0),
(168,120,9978925,0),
(169,121,6593325,0),
(170,122,1206971,0),
(171,123,8416517,0),
(172,124,4076409,0),
(173,124,4993291,1),
(174,125,5493718,0),
(175,125,5802134,1),
(176,126,4476937,0),
(177,127,7186587,0),
(178,127,7675666,1),
(179,128,2052541,0),
(180,129,7032417,0),
(181,130,5015817,0),
(182,131,8525905,0),
(183,132,3920561,0),
(184,133,6084382,0),
(185,133,7090871,1),
(186,134,6203748,0),
(187,135,6203748,0),
(188,136,5802133,0),
(189,137,327062,0),
(190,137,2229331,1),
(191,138,4685788,0),
(192,138,5546737,1),
(193,139,4685788,0),
(194,140,4240144,0),
(195,141,319317,0),
(196,141,436532,1),
(197,142,7186580,0),
(198,142,7802406,1),
(199,143,335804,0),
(200,143,561051,1),
(201,144,5123247,0),
(202,145,5015823,0),
(203,146,8416517,0),
(204,146,8921576,1),
(205,147,8416517,0),
(206,148,7838149,0),
(207,149,443948,0),
(208,150,4284719,0),
(209,151,335804,0),
(210,152,4466134,0),
(211,153,4723730,0),
(212,153,5493714,1),
(213,154,4567550,0),
(214,155,10828087,0),
(215,156,5441126,0),
(216,157,6146544,0),
(217,157,6943841,1),
(218,158,3186011,0),
(219,159,10769741,0),
(220,160,327165,0),
(221,161,4476937,0),
(222,161,4723731,1),
(223,162,8357770,0),
(224,162,8516461,1),
(225,163,5773609,0),
(226,164,5521431,0),
(227,164,6006925,1),
(228,165,4993291,0),
(229,166,5521431,0),
(230,167,8416517,0),
(231,168,2052551,0),
(232,168,4092071,1),
(233,169,7032417,0),
(234,169,7802408,1),
(235,170,561021,0),
(236,171,5493719,0),
(237,172,378670,0),
(238,173,6467666,0),
(239,173,7771361,1),
(240,174,4240144,0),
(241,174,5015821,1),
(242,175,8525910,0),
(243,175,9288216,1),
(244,176,5493718,0),
(245,177,6565184,0),
(246,177,7186578,1),
(247,178,7032417,0),
(248,178,7186571,1),
(249,179,8416517,0),
(250,180,6246775,0),
(251,181,7032417,0),
(252,182,335803,0),
(253,183,8357769,0),
(254,184,5802133,0),
(255,185,5802133,0),
(256,186,8921577,0),
(257,186,9769644,1),
(258,187,3413961,0),
(259,188,7747182,0),
(260,189,7090871,0),
(261,189,7186581,1),
(262,190,313673,0),
(263,190,433935,1),
(264,191,9679804,0),
(265,192,307007,0),
(266,192,378667,1),
(267,193,7032417,0),
(268,193,7152579,1),
(269,194,5802133,0),
(270,194,6543805,1),
(271,195,5773609,0),
(272,196,5521431,0),
(273,197,4723741,0),
(274,197,5521431,1),
(275,198,327164,0),
(276,198,378665,1),
(277,199,443947,0),
(278,200,3413961,0),
(279,201,6579622,0),
(280,201,7186577,1),
(281,202,4315938,0),
(282,202,4723739,1),
(283,203,10769377,0),
(284,204,317064,0),
(285,205,4204167,0),
(286,206,9712115,0),
(287,207,7032417,0),
(288,208,5123247,0),
(289,209,441310,0),
(290,209,3414001,1),
(291,210,9769644,0),
(292,211,4655084,0),
(293,211,5546738,1),
(294,212,8921581,0),
(295,212,9795183,1),
(296,213,7838149,0),
(297,214,5775508,0),
(298,215,5521431,0),
(299,216,335805,0),
(300,217,5015819,0),
(301,218,4277065,0),
(302,218,5166473,1),
(303,219,6467667,0),
(304,219,7693909,1),
(305,220,8883939,0),
(306,220,9945740,1),
(307,221,8525904,0),
(308,221,9312479,1),
(309,222,4315938,0),
(310,223,378656,0),
(311,223,5225253,1),
(312,224,378656,0),
(313,225,6467667,0),
(314,225,7186574,1),
(315,226,8921575,0),
(316,227,4567550,0),
(317,228,7838164,0),
(318,229,3108111,0),
(319,229,4197049,1),
(320,230,6943841,0),
(321,231,5773609,0),
(322,231,6467667,1),
(323,232,5775508,0),
(324,233,6146545,0),
(325,233,6593325,1),
(326,234,335799,0),
(327,234,2052571,1),
(328,235,8416516,0),
(329,236,9978926,0),
(330,237,9312484,0),
(331,238,335794,0),
(332,239,378661,0),
(333,239,1088261,1),
(334,240,3413961,0),
(335,241,7747182,0),
(336,241,8387210,1),
(337,242,8416517,0),
(338,243,4432072,0),
(339,243,4723738,1),
(340,244,443947,0),
(341,245,436532,0),
(342,245,3186191,1),
(343,246,443947,0),
(344,246,4488783,1),
(345,247,4685772,0),
(346,248,5970948,0),
(347,249,4466134,0),
(348,250,7032417,0),
(349,251,8513534,0),
(350,252,7032417,0),
(351,252,7090881,1),
(352,253,7032417,0),
(353,253,7186573,1),
(354,254,7032417,0),
(355,254,7139196,1),
(356,255,7032417,0),
(357,255,7186575,1),
(358,256,1647421,0),
(359,257,3108121,0),
(360,257,5493712,1),
(361,258,1206971,0),
(362,258,4685772,1),
(363,259,2052541,0),
(364,260,6565186,0),
(365,261,9312474,0),
(366,261,9949747,1),
(367,262,561731,0),
(368,263,7068834,0),
(369,264,2052571,0),
(370,264,4277065,1),
(371,265,8416517,0),
(372,266,8921579,0),
(373,266,9978923,1),
(374,267,6106625,0),
(375,267,6579622,1),
(376,268,7186585,0),
(377,268,7747182,1);
/*!40000 ALTER TABLE `appearance` ENABLE KEYS */;
UNLOCK TABLES;
COMMIT;
SET AUTOCOMMIT=@OLD_AUTOCOMMIT;

--
-- Table structure for table `episode`
--

DROP TABLE IF EXISTS `episode`;
/*!40101 SET @saved_cs_client     = @@character_set_client */;
/*!40101 SET character_set_client = utf8mb4 */;
CREATE TABLE `episode` (
  `id` int(10) unsigned NOT NULL,
  `title` varchar(255) NOT NULL,
  `season` tinyint(3) unsigned NOT NULL,
  `episode` tinyint(3) unsigned NOT NULL,
  `air_date` date NOT NULL,
  `runtime_minutes` tinyint(3) unsigned NOT NULL,
  `summary` text NOT NULL,
  `tvdb_url` varchar(67) NOT NULL,
  PRIMARY KEY (`id`)
) ENGINE=InnoDB DEFAULT CHARSET=utf8mb4 COLLATE=utf8mb4_uca1400_ai_ci;
/*!40101 SET character_set_client = @saved_cs_client */;

--
-- Dumping data for table `episode`
--

SET @OLD_AUTOCOMMIT=@@AUTOCOMMIT, @@AUTOCOMMIT=0;
LOCK TABLES `episode` WRITE;
/*!40000 ALTER TABLE `episode` DISABLE KEYS */;
INSERT INTO `episode` VALUES
(307007,'Camp Refoogee',3,1,'2006-09-10',25,'When Stan tries to trick Steve into attending summer camp, things go horribly wrong and Steve ends up in a refugee camp. However, Stan, being the eternal optimist, joins Steve and manages to stage a camp Olympics between the refugees and the rebel faction living across the river.','https://thetvdb.com/series/american-dad/episodes/307007'),
(313216,'The Vacation Goo',4,1,'2007-09-30',25,'When Francine discovers that all of their family vacations have been artificially created memories, she gets very angry and demands a real vacation. However, when the vacation seems too good to be true, Francine is convinced it\'s the work of the CIA and causes the family to suffer the consequences. Meanwhile, Roger attempts to become the greatest actor who ever lived.','https://thetvdb.com/series/american-dad/episodes/313216'),
(313673,'Iced, Iced Babies',3,6,'2006-11-19',25,'When Steve\'s new relationship with his girlfriend gives Francine empty nest syndrome, she tries to convince Stan to have another baby. Meanwhile, Roger tries to enroll in college with Haley in order to experience college life, but while Roger ends up teaching the class, Haley finds a new crush in her classmate Ethan (Elijah Woods), who turns out to be far from normal.','https://thetvdb.com/series/american-dad/episodes/313673'),
(317064,'The Best Christmas Story Never Told',3,9,'2006-12-17',25,'When an injunction prevents Langley Falls from lighting their annual Christmas tree, Stan blames secular non-believers for ruining his favorite holiday. With Stan\'s holiday spirit at an all-time low, the Ghost of Christmas Past visits him and tries to show him the true meaning of Christmas. However, Stan is convinced that Christmas can be saved by changing the outcome of Vietnam, but finds that changing the past only dramatically changes the future.','https://thetvdb.com/series/american-dad/episodes/317064'),
(319317,'American Dream Factory',3,11,'2007-01-28',25,'When Stan feels like he\'s not climbing the ladder fast enough at work, he turns to his lifelong ambition of making festive teddy bears. However, when he realizes that making a quick profit takes a lot of work, he resorts to using illegal aliens as cheap labor. Meanwhile, Hayley sees her father\'s new business model as an atrocity and takes matters into her own hands by calling Uncle Sam.','https://thetvdb.com/series/american-dad/episodes/319317'),
(320162,'A.T. The Abusive Terrestrial',3,12,'2007-02-11',25,'When Roger is rejected by Steve, who seems to be over him, Roger heads out in search of a new human companion. But when this new friend starts to abuse Roger and the relationship turns into a lot of excuses and sorry\'s, Steve and Hayley scheme to get Roger out of the bad relationship and back home where he belongs. Meanwhile, Stan tours the Mr. Pibb factory and meets the man himself.','https://thetvdb.com/series/american-dad/episodes/320162'),
(327015,'An Apocalypse to Remember',3,14,'2007-03-25',25,'Stan arrives late to a CIA nuclear drill and thinks it\'s real. He decides to move the family into the mountains to survive the apocalypse. Even though he realizes his error, he begins to enjoy the attention that he gets from the family so much that he doesn\'t tell them the truth. However, when the family meets a mountain man and learns the truth, Stan has some explaining to do.','https://thetvdb.com/series/american-dad/episodes/327015'),
(327062,'Four Little Words',3,15,'2007-04-01',25,'Stan sets Bullock up on a date with one of Francine\'s friends. Fearing that Francine will be right about the outcome of the date, Stan goes to great lengths to make sure it goes well by getting everyone drunk. Unfortunately, Bullock accidentally kills the woman, to which Stan frames Francine for the murder in order to keep her from asking so many questions.','https://thetvdb.com/series/american-dad/episodes/327062'),
(327164,'When a Stan Loves a Woman',3,16,'2007-04-29',25,'After Stan discovers that Francine has a secret sex garden, he feels like their marriage may be crumbling. Looking to rekindle their romance, Francine asks for a divorce so that Stan can experience life as a bachelor again, and both learn a valuable lesson in love. Meanwhile, addicted to an energy drink, Steve finds himself panhandling in the streets to support his new habit.','https://thetvdb.com/series/american-dad/episodes/327164'),
(327165,'I Can\'t Stan You',3,17,'2007-05-06',25,'When Stan brings home CIA equipment designed to eavesdrop on conversations, he finds out that his neighbors don\'t think too highly of him. In retaliation, Stan has the entire neighborhood evicted so that he can live free of any criticism. However, when an unexpected friend comes to his rescue, he realizes that gossip is a two-way street.','https://thetvdb.com/series/american-dad/episodes/327165'),
(329108,'Joint Custody',3,19,'2007-05-20',25,'Roger becomes a bounty hunter, and he and Stan race cross-country to turn in Jeff, who is wanted for smuggling pot into Florida.','https://thetvdb.com/series/american-dad/episodes/329108'),
(335794,'Haylias',4,5,'2007-11-11',25,'When Hayley decides to move to France because of imperialistic oppression, Stan will do anything to stop her including revealing the fact that she was brainwashed as a child by the CIA. Feeling desperate, Stan activates her trigger word and gains control over Hayley against the advice of his boss, Bullock. Everything is going fine until Stan remembers that if he doesn’t change Hayley back to normal, there will be deadly consequences for him. Meanwhile, Steve and Roger become private Dick Tracys.','https://thetvdb.com/series/american-dad/episodes/335794'),
(335795,'The 42-Year-Old Virgin',4,6,'2007-11-18',25,'While playing poker with the guys, Stan is found to be a virgin. Not in the traditional way, but in that he\'s never killed anyone. Roger and the guys help Stan bust his killing cherry.','https://thetvdb.com/series/american-dad/episodes/335795'),
(335799,'Tearjerker',4,10,'2008-01-13',25,'Stan and the family are characters in a James Bond style spoof. Stan must stop Tearjerker, played by Roger, a diabolical film producer who makes movies that can kill. Tearjerker\'s fiendish plot involves abducting celebrities from his spa and replacing them with celebrity robots that make horrible movies, all in an effort to make his masterpiece \"Oscar\'s Gold\" the best and saddest movie ever, causing millions of moviegoers to cry themselves to death.','https://thetvdb.com/series/american-dad/episodes/335799'),
(335800,'Oedipal Panties',4,11,'2008-01-27',25,'When Stan’s mom gets dumped for the umpteenth time by a boyfriend, she comes running to Stan for support. Feeling threatened by her always-visiting mother-in-law, Francine is determined to cut Stan’s umbilical cord and figure out what keeps going wrong with the men in her life. Like a regular Cagney & Lacey, Francine and Roger go undercover to solve the case. Meanwhile, Klaus gives Steve the ick.','https://thetvdb.com/series/american-dad/episodes/335800'),
(335801,'Widowmaker',4,12,'2008-02-17',25,'Francine pushes Stan to open up to her emotionally, but she gets more than she bargained for when he tells her that he killed her best friend Julie\'s husband. Meanwhile, Roger plays psychiatrist to help them work through their issues.','https://thetvdb.com/series/american-dad/episodes/335801'),
(335803,'Office Spaceman',4,14,'2008-05-04',25,'Roger begins to release photos of himself to the local media for extra cash, prompting the CIA to initiate an Alien Task Force. Through a twist of fate, Roger ends up in charge of the task force in disguise, creating tension at home as he is now Stan\'s boss. Meanwhile, Francine comes to grips with being left-handed and Roger frames Stan as an alien in attempt to keep his identity a secret.','https://thetvdb.com/series/american-dad/episodes/335803'),
(335804,'Stanny Slickers II: The Legend of Ollie\'s Gold',4,15,'2008-05-11',25,'Officially declared dead after an accident with a pudding truck, Stan comes back to life to realize his dream of leaving a legacy on the world and begins to excavate his home in search of Ollie North\'s \"Contra\"-band buried treasure. As the search for gold goes \"North,\" life at home heads south as Hayley turns to body-piercing, Steve creates a robotic girlfriend and Roger files for sexual harassment.','https://thetvdb.com/series/american-dad/episodes/335804'),
(335805,'Spring Breakup',4,16,'2008-05-18',25,'Stan has a Spring Break-induced mid-life crisis. With Francine away visiting her parents, Roger invites Spring Breakers to party at the Smith household. But Stan nearly has a Spring Breakdown when he falls prey to booze-cruising Jessica and Steve tries to lose his virginity to the luscious Carmen Selectra.','https://thetvdb.com/series/american-dad/episodes/335805'),
(378656,'The One That Got Away',5,2,'2008-10-05',25,'When Roger discovers that someone has maxed out his credit card, he is certain it is identify theft and is determined to bring down the crook. After playing \"Matlock\" for a few days and dishing out some street justice, he realizes things are not quite right and seem all too familiar.','https://thetvdb.com/series/american-dad/episodes/378656'),
(378661,'Phantom of the Telethon',5,7,'2008-11-30',25,'Roger suggests Stan hold a telethon to raise funds after the CIA\'s budget cut, but when Stan takes all the credit for the idea, Roger tries to sabotage it.','https://thetvdb.com/series/american-dad/episodes/378661'),
(378665,'Escape From Pearl Bailey',5,5,'2008-11-09',25,'Steve plots his revenge against all the popular girls who torment nerds and losers at his school.','https://thetvdb.com/series/american-dad/episodes/378665'),
(378667,'Pulling Double Booty',5,6,'2008-11-16',25,'Hayley breaks up with her boyfriend and falls for Stan\'s body double from the CIA. Things take a bizarre twist when the double begins hitting on Francine.','https://thetvdb.com/series/american-dad/episodes/378667'),
(378670,'Chimdale',5,8,'2009-01-25',25,'When Steve suffers indignities in school because of the back brace he must wear for his scoliosis, Stan confides in him that he wears a wig to cover his baldness. Meanwhile, Roger invites both Francine and Hayley to a posh spa even though he has only two passes, so he sneaks in Hayley in a suitcase, raising the suspicions of the house detective.','https://thetvdb.com/series/american-dad/episodes/378670'),
(433935,'Stan Time',5,9,'2009-02-08',25,'Stan is ecstatic when a co-worker gives him pills that allow him to stay up all night but feel like he slept for eight hours.','https://thetvdb.com/series/american-dad/episodes/433935'),
(436532,'Family Affair',5,10,'2009-02-15',25,'When the Smiths try to plan a family game night, Roger is full of excuses about prior commitments. However, when he is caught in a lie, the Smiths feel stabbed in the back when they realize Roger has been cheating on them with other families. Stan, Francine, Hayley and Steve go on the offensive to teach Roger a lesson about monogamy until Roger has a breakthrough about why he isn\'t a one family kind-of-guy.','https://thetvdb.com/series/american-dad/episodes/436532'),
(441310,'Roy Rogers McFreely',5,12,'2009-03-08',25,'When Stan forgets to pick up grenadine at the grocery store, Roger goes ballistic and vows to get him back by taking over a project close to his heart – the Homeowner’s Association.','https://thetvdb.com/series/american-dad/episodes/441310'),
(443947,'Jack\'s Back',5,13,'2009-03-15',25,'Steve signs Stan up for a father-son bike tournament, but the plan veers off-track when Stan admits that his father never taught him how to ride a bike. Determined to make things better, Steve helps reconcile Stan with his convict father. Meanwhile, Hayley needs internship credit for school, so Roger hires her to bartend at his makeshift bar in the attic.','https://thetvdb.com/series/american-dad/episodes/443947'),
(443948,'Bar Mitzvah Shuffle',5,14,'2009-03-22',25,'Steve and the gang sabotage a stuck-up kid\'s bar mitzvah after he hits on Steve\'s girlfriend, Debbie. But when Snot gets wrongly accused of stealing the kid\'s bar mitzvah money, he must answer to the Rabbi and his own celebration is in jeopardy. Meanwhile, Stan and Francine pitch a cell phone idea to Verizon, but the plan gets fuzzy when they can\'t deliver the goods.','https://thetvdb.com/series/american-dad/episodes/443948'),
(560991,'Delorean Story-An',5,16,'2009-04-19',25,'Stan is excited about finally building his dream car: a DeLorean. Francine encourages him to include Steve, so the two take a road trip in search of doors for the sports car. The trip veers off-track when there is a mad dash across the country to get the last set of doors available.','https://thetvdb.com/series/american-dad/episodes/560991'),
(561021,'Every Which Way But Lose',5,17,'2009-04-26',25,'Steve joins a junior football team to make Stan proud. However, when a hyper-competitive Stan assumes the position of head coach, Steve gets kicked off the team for not being good enough. Out for revenge, Steve and Roger recruit a new team of misfits who threaten Stan\'s perfect season. Meanwhile, Francine and Hayley compete for a blue ribbon at the Langley County Fair.','https://thetvdb.com/series/american-dad/episodes/561021'),
(561051,'Weiner of Our Discontent',5,18,'2009-05-03',25,'Stan has had enough of Roger\'s antics! When he calls Roger out, Roger claims he has been sent to Earth to determine the fate of mankind. Stan challenges him to prove it, and is tickled pink when he learns Roger\'s real purpose for being on Earth. Roger struggles to get a grip on reality until a fateful turn of events helps put things in perspective.','https://thetvdb.com/series/american-dad/episodes/561051'),
(561731,'Daddy Queerest',5,19,'2009-05-10',25,'Neighbors Terry and Greg are nervous when Terry\'s father, football great Tank Bates, announces that he will be coming to town for a visit. Terry is worried because his dad doesn\'t know he\'s gay, has a baby or lives with his partner. Meanwhile, Steve goes on a drunken bender and learns the meaning of the phrase beer goggles.','https://thetvdb.com/series/american-dad/episodes/561731'),
(561741,'Stan\'s Night Out',5,20,'2009-05-17',25,'Stan leaves Francine at home to go out with the boys, but guys\' night out goes from wild to reckless when Stan finds himself in one compromising situation after another. Meanwhile, Roger and Hayley use their charm and looks to attract a frat boy.','https://thetvdb.com/series/american-dad/episodes/561741'),
(1088261,'Brains, Brains and Automobiles',6,4,'2009-10-18',25,'Francine teaches Roger to be self-sufficient so he can get his own place; at camp, Steve and his friends fall prey to a scheme.','https://thetvdb.com/series/american-dad/episodes/1088261'),
(1088271,'Home Adrone',6,3,'2009-10-11',25,'Steve is left home as the family plan a trip to Boston hoping to locate a college for Hayley. When his friends arrive they convince him to break the rules, resulting in them finding the controls to a military drone in Stan\'s study. Meanwhile, after Stan leaves the plane to return home for his painkillers, Roger changes disguise from a little girl to a Stan constume so he can get served alcohol. When an air marshal notices that the girl is missing, he grounds the plane and investigates.','https://thetvdb.com/series/american-dad/episodes/1088271'),
(1134001,'Moon Over Isla Island',6,2,'2009-10-04',25,'In order to get a promotion at work, Stan has to convince the dictator of Isla Island to sign a treaty. Stan meets the general and accidentally kills him and has Roger pose as the leader of the small island nation. Meanwhile, Steve and Snot become competitive to see who can get farther with the other’s mom.','https://thetvdb.com/series/american-dad/episodes/1134001'),
(1206941,'Man in the Moonbounce',6,5,'2009-11-08',25,'Steve must become the man of the house when Stan re-lives his childhood.','https://thetvdb.com/series/american-dad/episodes/1206941'),
(1206971,'Shallow Vows',6,6,'2009-11-15',25,'Upset that Francine has let herself go, Stan takes drastic measures when she asks him to renew their wedding vows.','https://thetvdb.com/series/american-dad/episodes/1206971'),
(1206991,'My Morning Straitjacket',6,7,'2009-11-22',25,'When Hayley goes to a My Morning Jacket concert against Stan’s wishes, he crashes the show to bring her back home, but when he hears their music for the first time, it calls to him and he’s smitten. Stan becomes obsessed with the band and decides to follow them on the road as a groupie.','https://thetvdb.com/series/american-dad/episodes/1206991'),
(1354141,'G-String Circus',6,8,'2009-11-29',25,'Upset that Hayley no longer wants his advice, Stan decides to prove that she is missing out on his sage counseling. After meeting a stripper on an important CIA mission, Stan takes it upon himself to improve her life and show Hayley that his advice works. But when he opens a new business, hoping to prove Hayley wrong, he finds himself dancing for cash to cover up his failures.','https://thetvdb.com/series/american-dad/episodes/1354141'),
(1399681,'Don\'t Look a Smith Horse in the Mouth',6,10,'2010-01-03',25,'When Stan gets told by Francine to get rid of his gas-guzzling SUV, he and Roger hatch up a plan at the local horse track to avoid losing his car. Meanwhile, Steve and his friends help an old friend.','https://thetvdb.com/series/american-dad/episodes/1399681'),
(1647421,'A Jones for a Smith',6,11,'2010-01-31',25,'Stan puts down liberal social programs because he thinks they are a waste of money and gives Francine a hard time for lending a helping hand at the local homeless shelter. When Stan develops a nasty addiction and needs help, he suddenly has a change of heart.','https://thetvdb.com/series/american-dad/episodes/1647421'),
(1685341,'May the Best Stan Win',6,12,'2010-02-14',25,'Stan gives Francine \"love coupons\" for Valentine\'s Day, but refuses to honor them once he becomes preoccupied with his very own CIA cyborg. Meanwhile, Roger helps Steve and his friends remake a classic \'80s movie.','https://thetvdb.com/series/american-dad/episodes/1685341'),
(1761761,'Return of the Bling',6,13,'2010-02-21',25,'When Stan admits that his heroes include the 1980 U.S. Olympic hockey team, Roger confesses that he played on the team; Reginald tries to win over Hayley by taking her to a concert.','https://thetvdb.com/series/american-dad/episodes/1761761'),
(2052541,'Cops & Roger',6,14,'2010-04-11',25,'After Roger and Francine are victims of a mugging, Roger joins the police academy so he can learn how to defend himself and his loved ones (including Stan and Steve), but he falls in with a corrupt cop (guest voice Cannavale) who leads him astray. Meanwhile, Hayley\'s new friendship threatens her long-term relationship. Chaz kidnaps and leaves Stan tied up and tape-gagged. Meanwhile, Roger kills Chaz and rescues Stan, who makes his boss happy.','https://thetvdb.com/series/american-dad/episodes/2052541'),
(2052551,'Merlot Down Dirty Shame',6,15,'2010-04-18',25,'When Roger and Francine go wine-tasting, Roger plants a big kiss on Francine in a drunken moment. Francine decides to tell Stan about this incident, but when they sit down to talk, Roger convinces Stan that Francine started it all.','https://thetvdb.com/series/american-dad/episodes/2052551'),
(2052571,'An Incident at Owl Creek',6,17,'2010-05-09',25,'In preparation for a neighborhood pool party, Stan tells his family to get in tip-top shape. But when an accident ruins the Smith family name, a humiliated Stan fakes his family’s deaths and moves everyone out of Langley Falls to escape his shame.','https://thetvdb.com/series/american-dad/episodes/2052571'),
(2229331,'Great Space Roaster',6,18,'2010-05-16',25,'It’s Roger’s birthday, and he begs to be roasted, but when he ends up devastated by the jokes, he vows to pull his life together. Things take a turn for the worse when Roger takes it one step too far, causing the Smith family to go on the run.','https://thetvdb.com/series/american-dad/episodes/2229331'),
(3108111,'White Rice',7,5,'2010-11-21',25,'After an argument between Stan and Francine breaks out, Stan suggests they go see a counselor, who hypnotizes Francine and reawakens her lifelong dream of being a comedian. Meanwhile, back in Langley Falls, Steve brings home a potential love interest for Klaus.','https://thetvdb.com/series/american-dad/episodes/3108111'),
(3108121,'There Will Be Bad Blood',7,6,'2010-11-28',25,'It’s Thanksgiving in Langley Falls, and as usual, Stan invites his half-brother, Rusty, over to show off his cornucopia of wealth and good fortune. But when Stan finds out that Rusty is far wealthier than he led on, Stan tries to take from Rusty what he feels is rightfully his. Things don’t go well, and the Smith family nearly loses it all.','https://thetvdb.com/series/american-dad/episodes/3108121'),
(3186011,'The People vs. Martin Sugar',7,7,'2010-12-05',25,'If there’s one thing that Stan Smith loves, it’s a good jury trial. He anxiously awaits his annual jury summons. But when Roger is the defendant in the trial where Stan is the foreman, he is finally in a position to make Roger accountable for his misdeeds. Meanwhile, Jeff and Hayley move in with the Smiths, and Francine tries to get Jeff to clean up his act.','https://thetvdb.com/series/american-dad/episodes/3186011'),
(3186191,'For Whom the Sleigh Bell Tolls',7,8,'2010-12-12',25,'Despite Francine\'s warning, Stan gives Steve a gun for Christmas; Steve accidentally shoots Santa.','https://thetvdb.com/series/american-dad/episodes/3186191'),
(3413961,'Fart-break Hotel',7,9,'2011-01-16',25,'After Roger releases lethal gas into the Smith residence, the family moves into a hotel while the fumes clear. With no housework to do, Francine finds herself with a lot of free time on her hands. After befriending the hotel concierge (guest voice Elizondo), she soon finds herself working in the construction business, but realizes that perhaps she is better suited for family life. Meanwhile, Steve travels back in time to 1981 to meet the artist who painted a portrait of his dream girl.','https://thetvdb.com/series/american-dad/episodes/3413961'),
(3413981,'A Piñata Named Desire',7,11,'2011-02-13',25,'With a flair for the dramatic, Roger invites Stan to attend one of his acting classes. However, tempers flare when they both audition for the same role, leaving them to duke it out for top dog. Meanwhile, Steve and his friends get into a pillow fight when they try to plan the greatest slumber party ever.','https://thetvdb.com/series/american-dad/episodes/3413981'),
(3413991,'You Debt Your Life',7,12,'2011-02-20',25,'After an argument with Stan, Roger moves out of the house and is subsequently replaced. Meanwhile, Steve acquires a new job at Pearl Bailey High School.','https://thetvdb.com/series/american-dad/episodes/3413991'),
(3414001,'I Am the Walrus',7,13,'2011-03-27',25,'When Steve challenges Stan for family dominance, Stan does everything he can to prove to Steve that he is the alpha male of the Smith house. Meanwhile, Hayley and Jeff seek marriage counseling when the honeymoon phase wears off.','https://thetvdb.com/series/american-dad/episodes/3414001'),
(3920561,'License to Till',7,15,'2011-04-10',25,'When Steve has trouble crossing over into the \"cool kids\" social circle, Klaus and Roger place their bets to see how quickly Roger can make him cool. Everything they try backfires until Steve becomes the in-crowds designated driver. Meanwhile, Stan and Francine take turns pranking each other.','https://thetvdb.com/series/american-dad/episodes/3920561'),
(4076409,'Jenny Fromdabloc',7,16,'2011-04-17',25,'After Snot professes his love for Hayley and gets shot down, Steve and Roger devise a plan to cheer him up. Roger dresses up as Steve’s cousin from New Jersey, Jenny Fromdabloc, and Snot falls hard for her. Meanwhile, Stan wants to live like a gentleman of the 1960s, complete with dark suits and dry martinis.','https://thetvdb.com/series/american-dad/episodes/4076409'),
(4092071,'Gorillas in the Mist',7,19,'2011-05-22',25,'Bonding with Steve at the zoo causes Stan to lose Steve in the gorilla cage.','https://thetvdb.com/series/american-dad/episodes/4092071'),
(4182889,'A Ward Show',8,3,'2011-11-06',25,'Roger becomes Steve\'s legal guardian, but gets a little overzealous in the parenting department when he gets the principal fired. After getting beat up by the other teachers at the school, Steve decides to run away. Meanwhile, Stan and Francine attempt to make waves after discovering that their vacation at the biggest water park in the world fails to get their hearts pumping.','https://thetvdb.com/series/american-dad/episodes/4182889'),
(4197049,'Virtual In-Stanity',8,5,'2011-11-20',25,'Stan makes a desperate attempt to bond with his son by creating a busty blonde bombshell.','https://thetvdb.com/series/american-dad/episodes/4197049'),
(4204166,'The Scarlett Getter',8,6,'2011-11-27',25,'When Stan runs into his former crush from CIA boot camp, his affection for her resurfaces, which drives Francine into a jealous frenzy. By including Roger in her plan for revenge, Francine accidentally leads him straight into the arms of a dangerous alien hunter. Meanwhile, Steve is struck with good luck, when he accidentally wears Hayley’s panties to school.','https://thetvdb.com/series/american-dad/episodes/4204166'),
(4204167,'Season\'s Beatings',8,7,'2011-12-11',25,'Father Donovan holds a Christmas play at the mall and casts Stan as Santa Claus and Roger as Jesus. But after the two get in a fight and cause a scene, Stan is kicked out of the church. Meanwhile, Hayley and Jeff adopt a child who turns out to be possessed.','https://thetvdb.com/series/american-dad/episodes/4204167'),
(4221556,'The Unbrave One',8,8,'2012-01-08',25,'When Steve tries to prove himself as a macho man to Stan, he follows in Roger\'s footsteps and tries to change himself from the outside in with a superhero persona. Meanwhile, Francine is going through an identity crisis of her own when she receives surprising news that could change the family forever.','https://thetvdb.com/series/american-dad/episodes/4221556'),
(4240144,'Stanny Tendergrass',8,9,'2012-01-29',25,'When Stan finally has enough money to afford a membership at the golf club he has worked at for the past thirty summers, his hard work and perseverance prove to be futile when the club gives a membership to Steve first. However, things are not all what they seem when Stan realizes who the club owner really is.','https://thetvdb.com/series/american-dad/episodes/4240144'),
(4270184,'The Wrestler',8,12,'2012-03-04',25,'When Barry (guest voice Eddie Kay Thomas) threatens Stan\'s old high school wrestling record, Stan enlists Roger to beat Barry and defend his small claim to fame. However, Stan is caught off-guard when Roger, not Barry, is actually the threat to Stan\'s record.','https://thetvdb.com/series/american-dad/episodes/4270184'),
(4277065,'Dr. Klaustus',8,13,'2012-03-11',25,'Roger acts as the family therapist as his alter-ego \"Dr. Penguin\" until he is sent out to fight the war in Iraq. Klaus decides to take Roger\'s role while he is away, but not without major ruckus being caused.','https://thetvdb.com/series/american-dad/episodes/4277065'),
(4280150,'Less Money, Mo\' Problems',8,15,'2012-03-25',25,'After losing patience with Hayley and Jeff for their freeloading ways, Stan bets the young couple that he and Francine can live on minimum wage for a month. Meanwhile, Steve and Roger embark on a mission to test drive the car of their dreams.','https://thetvdb.com/series/american-dad/episodes/4280150'),
(4284719,'The Kidney Stays in the Picture',8,16,'2012-04-01',25,'Stan fears he may not be Hayley\'s real father, so he goes back in time to find the truth. In doing so, he disrupts the past and must save the future.','https://thetvdb.com/series/american-dad/episodes/4284719'),
(4315938,'Ricky Spanish',8,17,'2012-05-06',25,'Roger rediscovers one of personas, Ricky Spanish, and remembers why he\'s the most hated person in Langley Falls. Meanwhile, the child Stan & Francine sponsored in Africa suddenly shows up on their doorstep.','https://thetvdb.com/series/american-dad/episodes/4315938'),
(4401913,'Killer Vacation',9,2,'2012-10-07',25,'During the Smith family\'s tropical vacation, Stan is ordered to kill the activities director at their resort; Jeff and Hayley try to rekindle their romance.','https://thetvdb.com/series/american-dad/episodes/4401913'),
(4432072,'American Stepdad',9,4,'2012-11-18',25,'When Stan invites his recently widowed mother to move in, she and Roger fall in love and wed; Steve and his friends find a lost movie script.','https://thetvdb.com/series/american-dad/episodes/4432072'),
(4466134,'The Adventures of Twill Ongenbone and His Boy Jabari',9,9,'2013-01-13',25,'Francine regrets deciding to teach Roger the value of hard work; Steve interviews Stan for a school project.','https://thetvdb.com/series/american-dad/episodes/4466134'),
(4476937,'Max Jets',9,11,'2013-02-10',25,'Roger announces that Max Jets, a character who showers the Smith family with money, is making a return; a gold-digging waitress romances Max and threatens the family\'s inheritance.','https://thetvdb.com/series/american-dad/episodes/4476937'),
(4488781,'The Boring Identity',9,16,'2013-04-21',25,'When Stan gets amnesia, Francine tries to turn him into her ideal husband; Steve is drawn into the corrupt side of Roger\'s paper route business.','https://thetvdb.com/series/american-dad/episodes/4488781'),
(4488783,'The Full Cognitive Redaction of Avery Bullock by the Coward Stan Smith',9,17,'2013-04-28',25,'Stan is shocked when he is told that Deputy Director Bullock is showing early signs of dementia and needs his memory erased; Roger hires an old friend to help Steve with a bully at school.','https://thetvdb.com/series/american-dad/episodes/4488783'),
(4488787,'Da Flippity Flop',9,19,'2013-05-12',25,'When Stan refuses to switch Klaus back into his original body, he steals Stan\'s body; Roger builds a gym in the attic.','https://thetvdb.com/series/american-dad/episodes/4488787'),
(4567550,'Steve and Snot\'s Test-Tubular Adventure',10,1,'2013-09-29',25,'When Steve and Snot use a cloning machine to create dates for prom night, they end up having to raise two fast-growing babies.','https://thetvdb.com/series/american-dad/episodes/4567550'),
(4655084,'Poltergasm',10,2,'2013-10-06',25,'Francine\'s dissatisfaction in the bedroom causes a haunting; Haley introduces her new guy to the family.','https://thetvdb.com/series/american-dad/episodes/4655084'),
(4655085,'Crotchwalkers',10,4,'2013-11-10',25,'When Francine teaches Steve shoplifting techniques in an effort to look cool, Steve gets caught and sent to a sweatshop; Roger, Hayley and Klaus form a balalaika group.','https://thetvdb.com/series/american-dad/episodes/4655085'),
(4685772,'Kung Pao Turkey',10,5,'2013-11-24',25,'Stan’s plans for a perfect Thanksgiving, watching football in his underwear are thwarted when Francine invites her adoptive parents to join them for the holiday.','https://thetvdb.com/series/american-dad/episodes/4685772'),
(4685779,'Independent Movie',10,6,'2013-12-01',25,'A girl distracts Steve from his mission to help his friend deal with his father\'s death; Stan and Roger invent an automatic cake cutter.','https://thetvdb.com/series/american-dad/episodes/4685779'),
(4685788,'Faking Bad',10,7,'2013-12-08',25,'When Hayley helps Steve expand his fake ID business they must deal with another fake ID distributor.','https://thetvdb.com/series/american-dad/episodes/4685788'),
(4723730,'Cock of the Sleepwalk',10,11,'2014-01-26',25,'Stan mistakenly unleashes a good persona who is intent on doing good deeds that Stan wouldn\'t consider.','https://thetvdb.com/series/american-dad/episodes/4723730'),
(4723731,'Permanent Record Wrecker',10,18,'2014-05-04',25,'When budget cuts result in Stan getting fired, his work experience is considered classified and he is forced to take a job at the store Steve manages; Roger makes a bet with an irritating coffee shop musician.','https://thetvdb.com/series/american-dad/episodes/4723731'),
(4723734,'Stan Goes on the Pill',10,14,'2014-03-30',25,'Stan is turned into a woman when he takes an experimental drug.','https://thetvdb.com/series/american-dad/episodes/4723734'),
(4723738,'Rubberneckers',10,17,'2014-04-27',25,'Stan learns how to slyly check out other women; Roger and Klaus try to cover up a stain on a new couch.','https://thetvdb.com/series/american-dad/episodes/4723738'),
(4723739,'I Ain\'t No Holodeck Boy',10,13,'2014-03-23',25,'Stan is upset that Steve and his friends don\'t play outside; Hayley claims she is Roger\'s queen after buying his home star.','https://thetvdb.com/series/american-dad/episodes/4723739'),
(4723740,'News Glance With Genevieve Vavance',10,19,'2014-05-11',25,'Hayley takes a job as an intern at a local news station for a reporter -- who is actually Roger in disguise.','https://thetvdb.com/series/american-dad/episodes/4723740'),
(4723741,'The Longest Distance Relationship',10,20,'2014-05-18',25,'Hayley meets a millionaire who tries to help her move on from her heartbreak; Snot and Steve make a discovery.','https://thetvdb.com/series/american-dad/episodes/4723741'),
(4802130,'Roger Passes the Bar',11,1,'2014-09-14',25,'Roger is forced to sell his beloved attic bar to a restaurant chain after suffering a heart attack, and a sexy new next-door neighbor promises to take Steve and his friends’ virginity in return for housework.','https://thetvdb.com/series/american-dad/episodes/4802130'),
(4993291,'A Boy Named Michael',11,2,'2014-09-14',25,'Roger disguises himself as Greg and Terry\'s newly adopted Russian son Michael and moves in with them.','https://thetvdb.com/series/american-dad/episodes/4993291'),
(5015817,'Blonde Ambition',12,1,'2014-10-20',25,'When her efforts to save the planet prove hopeless, Hayley decides that she might get more attention if she becomes a blonde. Meanwhile, Stan and Steve go on a mission to find a new home for the Smiths.','https://thetvdb.com/series/american-dad/episodes/5015817'),
(5015819,'Scents and Sensei-bility',12,3,'2014-11-03',25,'Steve and Snot are fed up with being bullied. When they enroll in a karate class, Snot is brainwashed by the sensei, and it\'s Steve\'s mission to get him back. Meanwhile, Klaus develops a horrible odor and is forced to be an outside pet.','https://thetvdb.com/series/american-dad/episodes/5015819'),
(5015821,'Big Stan on Campus',12,4,'2014-11-10',25,'When the CIA is forced to make cutbacks and go on furlough, Stan volunteers to take a position as a college campus security guard. Meanwhile, Roger opens a bed and breakfast to boost the family\'s income.','https://thetvdb.com/series/american-dad/episodes/5015821'),
(5015822,'Now and Gwen',12,5,'2014-11-17',25,'When Francine\'s sister Gwen comes to town, Hayley suspects she is up to no good. Meanwhile, Stan teaches Steve the art of hugging Aunt Gwen, and Klaus shadows Roger\'s dramatic comments.','https://thetvdb.com/series/american-dad/episodes/5015822'),
(5015823,'Dreaming of a White Porsche Christmas',12,6,'2014-12-01',25,'When Stan wishes he could have Principal Lewis\' carefree, single life, a la \"It\'s a Wonderful Life,\" his wish comes true. In Stan\'s wish world, Principal Lewis has his family.','https://thetvdb.com/series/american-dad/episodes/5015823'),
(5123244,'LGBSteve',12,7,'2015-02-23',25,'Hayley is dying to be on a roller derby team, but they only will let her play if her \'sister\' Steve gets to play. Meanwhile, a magical carpenter visits Stan and Francine, and Roger runs the roller rink.','https://thetvdb.com/series/american-dad/episodes/5123244'),
(5123247,'My Affair Lady',12,9,'2015-03-09',25,'Hayley gets a job and starts to fall for a co-worker. Meanwhile, Stan chauffeurs Steve and Francine to a Mother-Son dance.','https://thetvdb.com/series/american-dad/episodes/5123247'),
(5166473,'Manhattan Magical Murder Mystery Tour',12,11,'2015-03-23',25,'Francine is up for an award for her lonely housewife novel, so the family heads to the Big Apple for the ceremony. Meanwhile, Stan and Hayley hang out with actor Robert Wuhl, and Steve and Roger recreate their Wheels and the Legman personas.','https://thetvdb.com/series/american-dad/episodes/5166473'),
(5166474,'The Shrink',12,12,'2015-03-30',25,'Stan is horrified when he sees a couple die in a car crash, and he goes to see a shrink. Meanwhile, Roger and Klaus study for a wine tasting.','https://thetvdb.com/series/american-dad/episodes/5166474'),
(5225253,'Holy Shit, Jeff\'s Back!',12,13,'2015-05-18',25,'Jeff returns from space ... or does he? Meanwhile, Steve watches after Snot\'s hamster.','https://thetvdb.com/series/american-dad/episodes/5225253'),
(5441126,'Roots',13,1,'2016-01-25',25,'Stan sets out to stop a tree that he considers his father from being cut down. Steve realizes he\'s stopped growing and considers surgery.','https://thetvdb.com/series/american-dad/episodes/5441126'),
(5493712,'The Life Aquatic with Steve Smith',13,2,'2016-02-01',25,'Steve joins the high school water polo team to get girls. Meanwhile, Roger and Stan get a boat.','https://thetvdb.com/series/american-dad/episodes/5493712'),
(5493714,'N.S.A. (No Snoops Allowed)',13,4,'2016-02-15',25,'Steve goes to work with Stan and discovers the N.S.A.. Hayley decides to let go of being a vegetarian and eat meat for one day.','https://thetvdb.com/series/american-dad/episodes/5493714'),
(5493715,'Stan Smith as Keanu Reeves as Stanny Utah in Point Breakers',13,5,'2016-02-22',25,'Stan goes undercover as a surfer a la Point Break. Steve befriends a drifter, Hayley might be pregnant, and Roger wants the World Cup to be held in the backyard.','https://thetvdb.com/series/american-dad/episodes/5493715'),
(5493717,'Kiss Kiss, Cam Cam',13,6,'2016-02-29',25,'Stan gets Francine baseball tickets for her birthday but is upset when they have a horrible kiss on the kiss cam. Steve and Roger head to Nevada to help clean polluted water.','https://thetvdb.com/series/american-dad/episodes/5493717'),
(5493718,'The Devil Wears a Lapel Pin',13,7,'2016-03-07',25,'When Stan is given the task of putting together the CIA calendar, Hayley attempts to destroy it. Meanwhile, Roger gets a Discover card and fakes his death to get out of paying the enormous balance.','https://thetvdb.com/series/american-dad/episodes/5493718'),
(5493719,'Stan-Dan Deliver',13,8,'2016-03-14',25,'Roger becomes a teacher at Steve\'s school and gets involved with a class of underprivileged kids. Meanwhile, Stan and Francine visit a retirement home and Stan decides to stay.','https://thetvdb.com/series/american-dad/episodes/5493719'),
(5493720,'The Two Hundred',13,10,'2016-03-28',25,'A haunted Stan traverses a barren Langley Falls alone because a mysterious element has reigned terror and separated him from the family.','https://thetvdb.com/series/american-dad/episodes/5493720'),
(5521431,'The Dentist\'s Wife',13,12,'2016-04-18',25,'Roger loses his identity after becoming fascinated by a local dentist\'s wife. Meanwhile, Klaus throws a party when Stan and the kids are unable to move from being sore after working out.','https://thetvdb.com/series/american-dad/episodes/5521431'),
(5546737,'Daesong Heavy Industries',13,15,'2016-05-09',25,'Stan loses his faith after Steve questions everything in the Bible, so Stan takes the family to Korea to investigate the rumors of a reinvented Noah\'s Ark.','https://thetvdb.com/series/american-dad/episodes/5546737'),
(5546738,'Daesong Heavy Industries II: Return to Innocence',13,16,'2016-05-16',25,'Stan and Francine lose their memories and resort to primitive living on an island; Jeff enlists in the Navy after he and Hayley are rescued; Roger and Steve try to survive on a lifeboat in the middle of the ocean.','https://thetvdb.com/series/american-dad/episodes/5546738'),
(5546739,'Criss-Cross Applesauce: The Ballad of Billy Jesusworth',13,17,'2016-05-23',25,'Francine convinces Stan to let Roger play in his basketball league; Steve sings a parody of R. Kelley\'s \"Trapped in the Closet\".','https://thetvdb.com/series/american-dad/episodes/5546739'),
(5546740,'Mine Struggle',13,18,'2016-05-30',25,'Stan discovers a salt mine in the backyard, but Steve turns out to be the rightful owner of the land, and faces pressure from the family to sell.','https://thetvdb.com/series/american-dad/episodes/5546740'),
(5560900,'Gifted Me Liberty',13,20,'2016-06-13',25,'Stan goes on a mission to find out who didn\'t bring a gift to the CIA\'s Secret Santa party; Steve poses as the good boyfriend for several female classmates.','https://thetvdb.com/series/american-dad/episodes/5560900'),
(5670286,'Father\'s Daze',14,1,'2016-11-07',25,'Stan can\'t escape a recurring Father\'s Day. Using a mind erasing tool from the CIA, Stan repeats the day over and over again until he thinks everything is perfect.','https://thetvdb.com/series/american-dad/episodes/5670286'),
(5773608,'Fight and Flight',14,2,'2016-11-14',25,'Stan goes over-the-top to produce a reenactment of Charles Lindbergh\'s solo flight for Steve\'s school project after he gets an F. Klaus buys a pair of shoes online and Hayley helps him harass the neighbor they believe has stolen them.','https://thetvdb.com/series/american-dad/episodes/5773608'),
(5773609,'The Enlightenment of Ragi-Baba',14,3,'2016-11-21',25,'Hayley takes Roger with her to a meditation center and he quickly takes over, becoming one of the world\'s leading authorities on meditation. Stan and Steve become apprentices as they are taught the art of making sushi.','https://thetvdb.com/series/american-dad/episodes/5773609'),
(5775508,'Portrait of Francine\'s Genitals',14,4,'2016-11-28',25,'Stan is embarrassed when a painting of Francine\'s genitals, done by a famous artist, is unveiled at the museum. Steve turns to helping people after masturbation is ruined by his mom\'s portrait.','https://thetvdb.com/series/american-dad/episodes/5775508'),
(5802133,'Bahama Mama',14,5,'2016-12-05',25,'Stan gets upset at the idea of becoming a grandfather after Hayley and Jeff announced they\'re trying to have a baby; Steve and Klaus join a drug gang.','https://thetvdb.com/series/american-dad/episodes/5802133'),
(5802134,'Roger\'s Baby',14,6,'2016-12-12',25,'Roger agrees to give birth to Jeff so he can be human again; Steve secretly signs Snot up for a makeover through the TV show Morning Mimosas.','https://thetvdb.com/series/american-dad/episodes/5802134'),
(5925435,'Camp Campawanda',14,13,'2017-06-05',25,'Steve is upset when Snot threatens their summer camp fun by becoming a counselor-in-training; Hayley and Jeff are suspicious of Roger when he organizes a \"Burning Man\'\" reenactment for their anniversary.','https://thetvdb.com/series/american-dad/episodes/5925435'),
(5970948,'The Witches of Langley',14,9,'2017-04-17',25,'Steve and his friends take up witchcraft to gain power and popularity at school; Stan and Klaus become obsessed with remembering \'90s bands.','https://thetvdb.com/series/american-dad/episodes/5970948'),
(5970949,'Whole Slotta Love',14,8,'2017-04-10',25,'Francine becomes less attracted to Stan when he gets involved with slot car racing; Roger becomes a stewardess to perform comedy routines on planes, but is upset when another stewardess is funnier than him.','https://thetvdb.com/series/american-dad/episodes/5970949'),
(5970951,'A Nice Night for a Drive',14,10,'2017-04-24',25,'Klaus gets transferred into the navigation system of Stan\'s car when Stan refuses to pay for life-saving surgery; Steve and his friends prank Roger, who then terrorizes them for revenge.','https://thetvdb.com/series/american-dad/episodes/5970951'),
(6006925,'Casino Normale',14,11,'2017-05-01',25,'Francine steals from the CIA and pretends to be a super villain to incite Stan to be more seductive; Roger tricks Hayley and Steve into trapping Jay Leno so he can take revenge.','https://thetvdb.com/series/american-dad/episodes/6006925'),
(6084382,'Julia Rogerts',14,14,'2017-06-12',25,'Roger runs off in disguise as a Julia Roberts character to a small town after Stan hurts his feelings; Steve plans a meeting when he finds out that Jeff and Barry have never met.','https://thetvdb.com/series/american-dad/episodes/6084382'),
(6106625,'The Bitchin\' Race',14,16,'2017-07-31',25,'The family competes on the reality show, \"The Bitchin\' Race\", but after Stan and Hayley ditch the less-motivated Steve and Francine to team up, they end up in a Tunisian labor prison.','https://thetvdb.com/series/american-dad/episodes/6106625'),
(6146544,'Family Plan',14,17,'2017-08-07',25,'Francine reconnects with her birth family when she starts craving the experience of having a big family; Stan becomes a Picker based on his obsession with \"American Pickers.\"','https://thetvdb.com/series/american-dad/episodes/6146544'),
(6146545,'The Long Bomb',14,18,'2017-08-14',25,'While having trouble communicating, Stan and Hayley team up to stop a terrorist plot to blow up the Bazooka Sharks arena; Roger pretends to be an escort.','https://thetvdb.com/series/american-dad/episodes/6146545'),
(6203747,'Kloger',14,19,'2017-08-21',25,'Roger and Klaus start having a secret affair after they accidentally end up on an online date together; Steve tries to catch Hayley\'s pink eye to get out of doing a fitness test at school.','https://thetvdb.com/series/american-dad/episodes/6203747'),
(6203748,'Garbage Stan',14,20,'2017-08-28',25,'Stan and Steve open up their own father-son garbage business after Stan inherits his father\'s old truck; Roger finds Hayley is a natural at bumper pool and brings her to play with the best player in town.','https://thetvdb.com/series/american-dad/episodes/6203748'),
(6246774,'The Talented Mr. Dingleberry',14,21,'2017-09-04',25,'Roger becomes a marionette and injures other students to help Steve win the school talent show; Stan, Hayley and Klaus start their own local honey business.','https://thetvdb.com/series/american-dad/episodes/6246774'),
(6246775,'West to Mexico',14,22,'2017-09-11',25,'Stan becomes a wanted man, running from Roger the bounty hunter, and ends up in a town in need of a good guy to help Principal Lewis, Francine, Steve and Hayley.','https://thetvdb.com/series/american-dad/episodes/6246775'),
(6467666,'The Census of the Lambs',15,3,'2018-02-19',25,'Stan and Hayley compete in collecting data for the US Census; Klaus has Steve and his friends model for his new camera.','https://thetvdb.com/series/american-dad/episodes/6467666'),
(6467667,'Shell Game',15,4,'2018-02-26',25,'Steve tries to stop Roger after he joins a mysterious order of birds\' egg thieves; Francine buys a new Italian sauce for the family.','https://thetvdb.com/series/american-dad/episodes/6467667'),
(6543804,'The Mural of the Story',15,5,'2018-03-05',25,'Stan discovers that the Langley Falls historical mural has been ruined by graffiti and neglect and convinces the town to allow him to restore the mural himself; Roger becomes Steve\'s instructor at a prestigious clowning university.','https://thetvdb.com/series/american-dad/episodes/6543804'),
(6543805,'(You Gotta) Strike for Your Right',15,6,'2018-03-12',25,'Hayley gets a job as a delivery driver and begins delivering lunch to Stan\'s office; when she sees the terrible work conditions, she organizes a strike; the family watches Breaking Bad in reverse and discovers the show is hiding a scavenger hunt.','https://thetvdb.com/series/american-dad/episodes/6543805'),
(6565184,'The Never-Ending Stories',15,9,'2018-04-09',25,'Bullock asks Stan to fill in for him at his class at the CIA Academy and Stan finds that the cadets are the perfect captive audience for his boring stories; Klaus becomes the hype-man for a famous rapper.','https://thetvdb.com/series/american-dad/episodes/6565184'),
(6565186,'Railroaded',15,10,'2018-04-16',25,'Stan is frustrated with traffic so he goes to the mayor and proposes that the town build a bullet train, but the mayor laughs off the idea; Roger pushes Stan into running for mayor; Stan wins the election but finds himself overwhelmed.','https://thetvdb.com/series/american-dad/episodes/6565186'),
(6579622,'OreTron Trail',15,12,'2018-04-30',25,'Roger becomes worried about outliving the family; Klaus opens a convenience store in the attic.','https://thetvdb.com/series/american-dad/episodes/6579622'),
(6593325,'Mean Francine',15,13,'2018-05-07',25,'Francine falls in with a group of tough girls after becoming the new school guidance counselor. Jeff panics when he loses his hat.','https://thetvdb.com/series/american-dad/episodes/6593325'),
(6943841,'One-Woman Swole',15,14,'2019-02-11',25,'After her family accuses her of being a quitter, Francine becomes a bodybuilder. Klaus claims to have invented the high five.','https://thetvdb.com/series/american-dad/episodes/6943841'),
(7032417,'Persona Assistant',15,16,'2019-02-25',25,'In the show\'s 250th episode, Stan has to take over Roger’s different personas after a tumor takes him out of commission. Principal Lewis pressures Steve and the school choir to do whatever it takes to win.','https://thetvdb.com/series/american-dad/episodes/7032417'),
(7068834,'The Legend of Old Ulysses',15,17,'2019-03-04',25,'Steve gets competitive during the father-son events at Possum Lake. Roger learns how to ride a bike.','https://thetvdb.com/series/american-dad/episodes/7068834'),
(7090866,'Fleabiscuit',15,21,'2019-04-01',25,'Hayley feels left behind after Jeff becomes a star dog racing coach; Steve takes advantage of an empty house.','https://thetvdb.com/series/american-dad/episodes/7090866'),
(7090871,'The Future is Borax',15,22,'2019-04-08',25,'While trying to rekindle their marriage, Stan and Francine get trapped on a hot air balloon. The rest of the family wins a jingle writing contest.','https://thetvdb.com/series/american-dad/episodes/7090871'),
(7090874,'Fantasy Baseball',16,1,'2019-04-15',25,'Steve tries to get into baseball to connect with Stan. Roger creates real life drama for Francine after her favorite soap opera is cancelled.','https://thetvdb.com/series/american-dad/episodes/7090874'),
(7090878,'I Am the Jeans: The Gina Lavetti Story',16,2,'2019-04-22',25,'Francine tries to be a better friend to one of Roger\'s personas who is selling her homemade jeans on TV. Stan and Steve swap eyebrows.','https://thetvdb.com/series/american-dad/episodes/7090878'),
(7090881,'Stan & Francine & Connie & Ted',16,3,'2019-04-29',25,'Steve introduces Stan and Francine to Barry\'s parents and Steve regrets it. Roger goes blind.','https://thetvdb.com/series/american-dad/episodes/7090881'),
(7139196,'Rabbit Ears',16,4,'2019-05-06',25,'Stan gets obsessed with a 1960s television show after picking up a secondhand TV. Roger decides to live as a baby and the family cares for him.','https://thetvdb.com/series/american-dad/episodes/7139196'),
(7152579,'Lost Boys',16,6,'2019-05-20',25,'Roger breaks up Steve’s friendship with Snot, Barry & Toshi. Jeff realizes he has a flair for house flipping and gets Stan, Francine and Hayley involved.','https://thetvdb.com/series/american-dad/episodes/7152579'),
(7152580,'Jeff and the Dank Ass Weed Factory',16,5,'2019-05-13',25,'Jeff wins a tour through a mysterious weed factory and brings Stan along.','https://thetvdb.com/series/american-dad/episodes/7152580'),
(7186571,'The Long March',16,8,'2019-06-03',25,'Hayley and Jeff move into a van and start living life on the open road. Francine and Steve are haunted by an Uber driver that they rated poorly.','https://thetvdb.com/series/american-dad/episodes/7186571'),
(7186572,'The Hall Monitor and the Lunch Lady',16,9,'2019-06-10',25,'Steve goes undercover as a school hall monitor; Roger and Stan go catatonic after witnessing a grisly escalator accident.','https://thetvdb.com/series/american-dad/episodes/7186572'),
(7186573,'Wild Women Do',16,10,'2019-06-17',25,'Jeff is forced to take Francine out for a not-so-wild night on the town. Klaus forces Steve to watch his celebrity impressions.','https://thetvdb.com/series/american-dad/episodes/7186573'),
(7186574,'An Irish Goodbye',16,11,'2019-06-24',25,'Francine helps Hayley take a break from their marriages. Stan and Jeff pretend to be frontiersmen.','https://thetvdb.com/series/american-dad/episodes/7186574'),
(7186575,'Stompe Le Monde',16,12,'2019-07-01',25,'Stan buys the rights to a Broadway show after inheriting money from a dead uncle.','https://thetvdb.com/series/american-dad/episodes/7186575'),
(7186577,'Hamerican Dad!',16,14,'2019-07-15',25,'Stan, reluctantly invites Roger into his ham club. Francine decides to scare Greg.','https://thetvdb.com/series/american-dad/episodes/7186577'),
(7186578,'Demolition Daddy',16,15,'2019-07-22',25,'Thanks to Roger, Snot discovers his dead father was a demolition derby driver. Hayley takes Steve on a road trip, so he can learn to drive.','https://thetvdb.com/series/american-dad/episodes/7186578'),
(7186579,'Enter Stanman',16,17,'2019-08-05',25,'Roger helps Stan enter Francine\'s dreams after he becomes insecure about their contents.','https://thetvdb.com/series/american-dad/episodes/7186579'),
(7186580,'Pride Before the Fail',16,16,'2019-07-29',25,'Roger tries to force Hayley into graduating from community college so he can move into her room. Klaus repairs Francine’s car.','https://thetvdb.com/series/american-dad/episodes/7186580'),
(7186581,'No Weddings and a Funeral',16,18,'2019-08-12',25,'Klaus decides to leave the Smith family following one too many insults.','https://thetvdb.com/series/american-dad/episodes/7186581'),
(7186582,'Eight Fires',16,19,'2019-08-19',25,'Roger helps Francine with her terrible cooking by bringing her to a remote Patagonian island. Stan gets a nail in his head and can\'t speak.','https://thetvdb.com/series/american-dad/episodes/7186582'),
(7186585,'Downtown',17,2,'2020-04-20',25,'Hayley drives Steve to a testing center in “no good” downtown but they end up stranded in a worse suburban neighborhood. Stan, Francine, and Roger mistakenly go downtown to rescue them.','https://thetvdb.com/series/american-dad/episodes/7186585'),
(7186587,'Cheek to Cheek: A Stripper\'s Story',17,3,'2020-04-27',25,'Roger enlists Jeff as his protégé in order to open his dream chivalric strip club. Klaus moves into Steve’s room.','https://thetvdb.com/series/american-dad/episodes/7186587'),
(7675666,'100 Years a Solid Fool',17,1,'2020-04-13',25,'While running an errand in Little Colombia, Stan is confronted by his hidden past.','https://thetvdb.com/series/american-dad/episodes/7675666'),
(7693909,'A Starboy is Born',17,4,'2020-05-04',25,'Roger tries to give Steve bubonic plague in order to qualify to Make-A-Wish to meet The Weeknd. Stan abducts The Weeknd to teach Roger a valuable lesson. Meanwhile, Hayley attempts to sleep with the celebrity singer.','https://thetvdb.com/series/american-dad/episodes/7693909'),
(7724446,'Tapped Out',17,5,'2020-05-11',25,'Steve discovers his mom has never stopped giving him her breastmilk.','https://thetvdb.com/series/american-dad/episodes/7724446'),
(7747182,'Roger Needs Dick',17,17,'2020-08-03',22,'When one of Roger’s characters falls in love with Dick, it affects the whole family.','https://thetvdb.com/series/american-dad/episodes/7747182'),
(7771361,'Exquisite Corpses',17,9,'2020-06-08',25,'Jeff, Francine and Roger decide to team up and start their own bus tour business, with murderous results.','https://thetvdb.com/series/american-dad/episodes/7771361'),
(7795917,'American Data?',17,12,'2020-06-29',22,'Steve and the boys take part in a prison experiment to earn some cash. Meanwhile, Stan deals with the death of his CIA groundskeeper friend.','https://thetvdb.com/series/american-dad/episodes/7795917'),
(7802406,'Ghost Dad',17,14,'2020-07-13',22,'Stan struggles to cope with the untimely death of his father; a simple canoeing trip does catastrophic damage to Hayley and Jeff\'s relationship.','https://thetvdb.com/series/american-dad/episodes/7802406'),
(7802408,'Men II Boyz',17,15,'2020-07-20',22,'Klaus enlists Stan, Roger and Jeff to join him on a wild bachelor party weekend.','https://thetvdb.com/series/american-dad/episodes/7802408'),
(7838149,'Businessly Brunette',17,19,'2020-08-17',22,'Hayley takes off her headband and becomes a businesswoman. Stan plans a party.','https://thetvdb.com/series/american-dad/episodes/7838149'),
(7838164,'300',17,23,'2020-09-14',22,'Roger\'s past comes back to haunt him.','https://thetvdb.com/series/american-dad/episodes/7838164'),
(8077833,'Yule. Tide. Repeat.',17,24,'2020-12-21',25,'After Stan\'s plan for the perfect Christmas goes terribly, tragically wrong, he\'s given a magical opportunity to make things right.','https://thetvdb.com/series/american-dad/episodes/8077833'),
(8357769,'Who Smarted?',18,1,'2021-04-19',23,'Worried that he\'s not smart enough for Hayley, Jeff undergoes an experimental intelligence enhancement procedure at the CIA. Roger recruits Steve to help him harvest snake venom.','https://thetvdb.com/series/american-dad/episodes/8357769'),
(8357770,'Russian Doll',18,2,'2021-04-26',23,'Stan becomes infatuated with a doll that the CIA wants to use to spy on the Russians.','https://thetvdb.com/series/american-dad/episodes/8357770'),
(8387210,'Stan Moves to Chicago',18,3,'2021-05-03',23,'Stan moves to Chicago to become a comic while Steve and Hayley host Roger for a nice night in.','https://thetvdb.com/series/american-dad/episodes/8387210'),
(8416516,'The Wondercabinet',18,6,'2021-05-24',23,'Steve spins out about his future, but a radio show about new age mysticism gives him a hopeful new understanding of life; Roger struggles to get into the adult film industry.','https://thetvdb.com/series/american-dad/episodes/8416516'),
(8416517,'Little Bonnie Ramirez',18,7,'2021-05-31',23,'After a series of boring personas, Roger goes to great lengths to prove to Francine he still has his edge.','https://thetvdb.com/series/american-dad/episodes/8416517'),
(8416518,'Dancin\' A-With My Cells',18,8,'2021-06-07',23,'Stan tries a new, cutting edge parenting approach DNA splicing.','https://thetvdb.com/series/american-dad/episodes/8416518'),
(8513534,'Plot Heavy',18,16,'2021-08-02',23,'After Stan sells off the coveted family plot, the family opens their own cemetery in the backyard with the help of basketball Hall-of-Famer Scottie Pippen.','https://thetvdb.com/series/american-dad/episodes/8513534'),
(8516189,'Lumberjerk',18,12,'2021-07-05',23,'Stan is being forced to partner with Jeff in a lumberjack competition. Steve, Francine and Snot are entering a contest to win a vintage pickup truck.','https://thetvdb.com/series/american-dad/episodes/8516189'),
(8516461,'Hot Scoomp',18,11,'2021-06-28',23,'Hayley searches for guidance and instead finds a community of \"cool butts.\"','https://thetvdb.com/series/american-dad/episodes/8516461'),
(8525903,'Stan & Francine & Stan & Francine & Radika',18,13,'2021-07-12',23,'Stan and Francine go back in time to settle an argument.','https://thetvdb.com/series/american-dad/episodes/8525903'),
(8525904,'Flush After Reading',18,14,'2021-07-19',23,'Francine and Roger get lost in a good book (or five) after Francine escapes an embarrassing situation. Stan reluctantly hangs out at the library.','https://thetvdb.com/series/american-dad/episodes/8525904'),
(8525905,'Comb Over: A Hair Piece',18,15,'2021-07-26',23,'Stan finally decides to do something about his secret baldness and enlists the help of Josay Bosay, Roger\'s famed hair-stylist-to-the-stars persona.','https://thetvdb.com/series/american-dad/episodes/8525905'),
(8525907,'Dr. Sunderson\'s SunSuckers',18,18,'2021-08-16',23,'Hayley and Jeff help one of Roger\'s personas run a solar company.','https://thetvdb.com/series/american-dad/episodes/8525907'),
(8525908,'Family Time',18,19,'2021-08-23',23,'Stan and the family go out to dinner at a buffet restaurant. Roger becomes a flower.','https://thetvdb.com/series/american-dad/episodes/8525908'),
(8525910,'Steve\'s Franken Out',18,22,'2021-10-25',23,'When Principal Lewis threatens to cancel science club, Steve takes matters into his own hands in a monstrous way.','https://thetvdb.com/series/american-dad/episodes/8525910'),
(8883939,'Langley Dollar Listings',19,1,'2022-01-24',21,'Francine becomes a realtor in Langley\'s world of high-end real estate, while the rest of the family sells coffee from the front yard.','https://thetvdb.com/series/american-dad/episodes/8883939'),
(8921575,'Dressed Down',19,2,'2022-01-31',21,'When Stan doesn\'t feel confident in anything but his suits, Roger assumes a fashion designer persona to craft him a life-changing new wardrobe. Hayley and Jeff raise chickens in the back yard.','https://thetvdb.com/series/american-dad/episodes/8921575'),
(8921576,'The Book of Fischer',19,3,'2022-02-07',21,'Stan takes Steve to his favorite barbershop to hang with his crew; Jeff starts journaling to help with his bad memory.','https://thetvdb.com/series/american-dad/episodes/8921576'),
(8921577,'A Roger Story',19,4,'2022-02-14',21,'Steve and Snot\'s friendship gets put to the test when their mothers start to fight.','https://thetvdb.com/series/american-dad/episodes/8921577'),
(8921579,'American Dad Graffito',19,6,'2022-02-28',21,'To save a beloved restaurant from closing, Stan must bring the 1950s back to Langley.','https://thetvdb.com/series/american-dad/episodes/8921579'),
(8921581,'A Song of Knives and Fire',19,8,'2022-03-14',21,'Stan and Francine inject some much-needed fire into their relationship.','https://thetvdb.com/series/american-dad/episodes/8921581'),
(9288216,'The Three Fs',19,11,'2022-09-19',21,'Francine\'s newfound friendship with a frog brings excitement to the whole Smith household. Unfortunately, it drives their neighbor, Greg, crazy.','https://thetvdb.com/series/american-dad/episodes/9288216'),
(9312474,'I Heard You Wanna Buy Some Speakers',19,16,'2022-11-07',21,'Barry blows out his dad\'s speakers and Snot helps him replace them. Stan attempts to do a standing backflip.','https://thetvdb.com/series/american-dad/episodes/9312474'),
(9312478,'You Are Here',19,15,'2022-10-31',21,'Roger and Steve try to save a dying mall.','https://thetvdb.com/series/american-dad/episodes/9312478'),
(9312479,'Please Please Jeff',19,18,'2022-11-21',21,'Jeff\'s people pleasing nature gets in the way of his relationship with Hayley; Stan wears a confusing costume to the CIA costume party.','https://thetvdb.com/series/american-dad/episodes/9312479'),
(9312480,'Jambalaya',19,19,'2022-11-28',21,'When Francine successfully grows a garden, it reminds Roger he knows a recipe for truly authentic jambalaya.','https://thetvdb.com/series/american-dad/episodes/9312480'),
(9312481,'Gernot and Strudel',19,20,'2022-12-05',21,'Hoping to teach him the value of sharing, the family recreates a television show from Klaus\'s childhood. Roger has a piano recital.','https://thetvdb.com/series/american-dad/episodes/9312481'),
(9312484,'The Grounch',19,22,'2022-12-19',21,'When Roger has his famous Christmas sex party stolen from him the results are... monstrous. Stan creates a magazine for men.','https://thetvdb.com/series/american-dad/episodes/9312484'),
(9679804,'The Professor and the Coach',20,2,'2023-04-03',21,'Hayley tries to help Roger write a book.','https://thetvdb.com/series/american-dad/episodes/9679804'),
(9712115,'The Pleasanting at Smith House',20,4,'2023-04-17',21,'Klaus and Jeff\'s friendship is threatened by Klaus\'s girlfriend from another realm.','https://thetvdb.com/series/american-dad/episodes/9712115'),
(9769644,'Cow I Met Your Moo-ther',20,7,'2023-05-15',21,'The judgmental voice in Hayley\'s head makes it impossible for her to enjoy a girls\' night with Nerfer and Danuta.','https://thetvdb.com/series/american-dad/episodes/9769644'),
(9795183,'Saving Face',20,9,'2023-05-29',21,'In an attempt to maintain his \"prime,\" Stan explores some cosmetic solutions that could not go worse.','https://thetvdb.com/series/american-dad/episodes/9795183'),
(9945740,'Productive Panic',20,13,'2023-09-25',21,'Francine becomes an overnight sensation when a famous art dealer discovers her homemade pottery.','https://thetvdb.com/series/american-dad/episodes/9945740'),
(9949746,'A Little Mystery',20,11,'2023-09-11',21,'Hayley makes Jeff get a friend to add some mystery to their relationship but gets more mystery than she bargained for. Francine attempts to grow the world\'s longest fingernails.','https://thetvdb.com/series/american-dad/episodes/9949746'),
(9949747,'Don\'t You Be My Neighbor',20,12,'2023-09-18',21,'The Smiths get new neighbors! Meanwhile, Roger dreads having to be a little boy\'s kite for a day.','https://thetvdb.com/series/american-dad/episodes/9949747'),
(9978922,'A New Era for the Smith House',20,16,'2023-11-06',21,'Klaus house sits for the Smiths while they are away on vacation; Roger investigates the origin of powerful winds plaguing the Eastern Seaboard.','https://thetvdb.com/series/american-dad/episodes/9978922'),
(9978923,'Between a Ring and a Hardass',20,17,'2023-11-13',21,'Social Services threatens to take Steve away from the family when someone files a complaint about Steve\'s chaotic home life.','https://thetvdb.com/series/american-dad/episodes/9978923'),
(9978924,'Footprints',20,18,'2023-11-20',21,'Stan and Roger go on a mission to leave their mark on humanity; Jeff finally deals with the reality of losing his signature hat.','https://thetvdb.com/series/american-dad/episodes/9978924'),
(9978925,'Steve, Snot, and the Quest for the OG Four Loko',20,19,'2023-11-27',21,'To have a chance with a girl, Steve and Snot must track down a keg of Four Loko.','https://thetvdb.com/series/american-dad/episodes/9978925'),
(9978926,'The Pink Sphinx Holds Her Hearts on the Turn',20,20,'2023-12-04',21,'Francine enters the strange and dangerous world of poker in order to learn how to hide her true feelings from Steve and Hayley.','https://thetvdb.com/series/american-dad/episodes/9978926'),
(9978927,'A Little Extra Scratch',20,21,'2023-12-11',21,'Suspicious about Hayley\'s mysterious, newfound wealth, Francine decides to get to the bottom of it. Roger sets out to make Stan an internet celebrity.','https://thetvdb.com/series/american-dad/episodes/9978927'),
(10769377,'Brown Lotus',21,2,'2024-11-04',21,'Hayley and Jeff take a staycation at a nearby luxury resort, while the CIA is forced to rebrand.','https://thetvdb.com/series/american-dad/episodes/10769377'),
(10769741,'The Violence of the Clams',21,6,'2024-12-02',21,'Being the only one of his friends to not like a new fast-food restaurant drives Steve to madness. Stan and Francine go on a quest to return mistakenly delivered mail.','https://thetvdb.com/series/american-dad/episodes/10769741'),
(10814086,'An Adult Woman',21,7,'2024-12-09',21,'After Hayley is deemed a \"big child\" by The Lady from The Hamster Rescue Society, she gets involved with two Roger personas who have a complicated family dynamic in an effort to prove that she is an adult woman.','https://thetvdb.com/series/american-dad/episodes/10814086'),
(10828087,'Piece by Piece',21,8,'2024-12-16',21,'After a nearly fatal interaction with one of Roger\'s personas, Steve and Stan work together to uncover the persona\'s mysterious past. Meanwhile, Jeff, Hayley and Francine explore new hobbies.','https://thetvdb.com/series/american-dad/episodes/10828087');
/*!40000 ALTER TABLE `episode` ENABLE KEYS */;
UNLOCK TABLES;
COMMIT;
SET AUTOCOMMIT=@OLD_AUTOCOMMIT;

--
-- Table structure for table `persona`
--

DROP TABLE IF EXISTS `persona`;
/*!40101 SET @saved_cs_client     = @@character_set_client */;
/*!40101 SET character_set_client = utf8mb4 */;
CREATE TABLE `persona` (
  `id` int(10) unsigned NOT NULL AUTO_INCREMENT,
  `name` varchar(67) NOT NULL,
  `occupation` varchar(255) DEFAULT NULL,
  `notes` text DEFAULT NULL,
  PRIMARY KEY (`id`),
  UNIQUE KEY `name` (`name`)
) ENGINE=InnoDB AUTO_INCREMENT=269 DEFAULT CHARSET=utf8mb4 COLLATE=utf8mb4_uca1400_ai_ci;
/*!40101 SET character_set_client = @saved_cs_client */;

--
-- Dumping data for table `persona`
--

SET @OLD_AUTOCOMMIT=@@AUTOCOMMIT, @@AUTOCOMMIT=0;
LOCK TABLES `persona` WRITE;
/*!40000 ALTER TABLE `persona` DISABLE KEYS */;
INSERT INTO `persona` VALUES
(1,'A. Paul Gary','Drug Mixologist',NULL),
(2,'A. Poth E. Cary','Dealing in Potions and Poisons',NULL),
(3,'Abbey Road',NULL,NULL),
(4,'Abigail Lemonparty',NULL,NULL),
(5,'Ace Chapman','Star Forward',NULL),
(6,'Ace Crouton',NULL,NULL),
(7,'Alicia Wilkner',NULL,'Not recognized by Steve'),
(8,'Amber',NULL,NULL),
(9,'Apothe-Carrie Bradshaw','Sex Blogger',NULL),
(10,'Applebee McFridays',NULL,NULL),
(11,'Arbuckle T. Boone','Life Coach',NULL),
(12,'Barney Bux',NULL,'I\'m much too busy to write notes about this persona'),
(13,'Betsy',NULL,NULL),
(14,'Betsy\'s Husband',NULL,NULL),
(15,'Betty Bea Getty McClanahan',NULL,NULL),
(16,'Bill Cutler','Local Midday News Anchor',NULL),
(17,'Billy Jesusworth',NULL,NULL),
(18,'Bing Cooper','Sexually Active High School Senior',NULL),
(19,'Blind Justice',NULL,NULL),
(20,'Bob Danelou',NULL,'Makes gluten free desserts but business is struggling at the moment.'),
(21,'Braff Zacklin',NULL,NULL),
(22,'Brandon Ramage',NULL,NULL),
(23,'Branson McNair',NULL,NULL),
(24,'Brittney M',NULL,NULL),
(25,'Brock',NULL,NULL),
(26,'Brother Jenkins',NULL,NULL),
(27,'Buck Wetnap','Survivalist',NULL),
(28,'Burt Jarvis',NULL,NULL),
(29,'Caitlyn Miracle Smith',NULL,NULL),
(30,'Calypso Banana Puffy-Sleeves',NULL,NULL),
(31,'Captain Francois Dubonet','French Interpol',NULL),
(32,'Cecilia Takaru',NULL,'Born on a sleigh ride outside of St. Petersburg'),
(33,'CEO of Octodual',NULL,NULL),
(34,'CEO of Tetradual',NULL,NULL),
(35,'Chantilly DuBois','World Class Medium','More of a medium Medium'),
(36,'Charles Bronson',NULL,NULL),
(37,'Chaz Babylon','Speculative Venom Harvester',NULL),
(38,'Chex LeMeneux',NULL,NULL),
(39,'Chilly',NULL,NULL),
(40,'Christine Lucy L\'amour',NULL,NULL),
(41,'Chuck Deptula','Union Gaffer','Also known as \"Cheese\"'),
(42,'Chunk Dunkirk','Incontinent Jai Alai Instructor',NULL),
(43,'Clancy',NULL,NULL),
(44,'Cleshawn Montegue',NULL,NULL),
(45,'Clifton',NULL,NULL),
(46,'Clint McGlint','Local Piece of Shit',NULL),
(47,'Clip-Clop',NULL,NULL),
(48,'Clive Trotter',NULL,NULL),
(49,'Clum Bizzelskottom',NULL,NULL),
(50,'Coach Burton Grundy',NULL,'Never curses'),
(51,'Colton Lansington','Renegade Space Cop Who Struggles to Keep His Bipolar Disorder in Check',NULL),
(52,'Cordila Buttersnatch',NULL,NULL),
(53,'Cousin Phil',NULL,NULL),
(54,'Criss-Cross Applesauce',NULL,NULL),
(55,'Cuss Mustard',NULL,NULL),
(56,'Dalton Galloway',NULL,NULL),
(57,'Dan Andsome-Handsome',NULL,'Just hearing his name makes me hot. Like a hot summer sidewalk...'),
(58,'Dean of Fake School in Nairobi',NULL,'Only mentioned'),
(59,'DeAndre Comadendo','Traveling Nurse','Only mentioned'),
(60,'Deganya',NULL,NULL),
(61,'Dick Keebler',NULL,'Snot\'s dad\'s demolition derby copilot'),
(62,'Dimitri Garabedian','High Ranking Member of the Armenian Mafia',NULL),
(63,'Dimitri Krotchlikmioff','New Exchange Student from Russia',NULL),
(64,'Dimitrius Fitzpatio','Chiropractor to the Stars',NULL),
(65,'Dirt Mirkledunk/Mirk Dirkledunk',NULL,'Knows how to rock'),
(66,'Dom Fikowski','The Asphalt King','He runs asphalt in this town'),
(67,'Donald',NULL,NULL),
(68,'Donna',NULL,NULL),
(69,'Doug Nugget','Unlicensed Grief Counselor','Only mentioned'),
(70,'Dr. Buttblast',NULL,'Dr. Peguin\'s twin brother, by marriage.'),
(71,'Dr. Dante Octavarius','Seahorse Breeder',NULL),
(72,'Dr. F. Lance Shoeman',NULL,'Doita?'),
(73,'Dr. Gerald Ya Ya',NULL,'Invented ecstasy'),
(74,'Dr. Kenji','Dentist to the Japanese Mafia','Always telling dirty jokes'),
(75,'Dr. Lawrence Feldmen',NULL,NULL),
(76,'Dr. Rafael Penguin',NULL,NULL),
(77,'Dr. Steele Birchington','Houston Cardiac Surgeon',NULL),
(78,'Dr. Sunny Sunderson',NULL,NULL),
(79,'Dudley Dingleberry',NULL,NULL),
(80,'Edith',NULL,NULL),
(81,'El Narco',NULL,'Operates undercover as Enrique Ruiz: A Columbian Man'),
(82,'Emmilou Sugarbean',NULL,NULL),
(83,'Erastus Junipero Horton','Mall Caretaker',NULL),
(84,'Eric Reynolds','Tall 5th Grader',NULL),
(85,'Ernest Shlumpel',NULL,NULL),
(86,'Fantasia Lopez',NULL,NULL),
(87,'Flower',NULL,NULL),
(88,'Frank Slade',NULL,NULL),
(89,'Frank Trueblue',NULL,NULL),
(90,'Frankie Carconi',NULL,NULL),
(91,'Freddie Underwood','Porn Screenwriter Extraordinaire',NULL),
(92,'Frenchus Mallmank',NULL,NULL),
(93,'General Juanito Pequeño',NULL,NULL),
(94,'Genevieve Vavance',NULL,NULL),
(95,'George Hamilton 20 Years Ago',NULL,NULL),
(96,'Giardia Capitosto','Web Ad Stock Photo Talent Manager',NULL),
(97,'Gilda Bux',NULL,'Loves Dirty Dancing'),
(98,'Gina Lavetti',NULL,NULL),
(99,'Glad Handz',NULL,NULL),
(100,'Gollum',NULL,NULL),
(101,'Gord Gomax','Michael Jackson Apologist',NULL),
(102,'Greater Chimdale County Man',NULL,NULL),
(103,'Gunther',NULL,NULL),
(104,'Gust Breezer','Wind Theorist',NULL),
(105,'Hard-Boild P.I. Character',NULL,NULL),
(106,'Hayley\'s Sandal Repairman',NULL,'Not recognized by Hayley'),
(107,'Hazel Bazels','A Documentary Director',NULL),
(108,'Hershel Hershbaum',NULL,NULL),
(109,'Hibachi Liberace','Terrible Origami Artist',NULL),
(110,'H.J. Rimmens',NULL,NULL),
(111,'Hollander Hollandaise','Mind Hunter','Not the actual wig that goes with the costume'),
(112,'Horse Renoir',NULL,'Some say the hellspawn of a prostitute and a whore'),
(113,'Hubert LeGrange','Bounty Hunter',NULL),
(114,'Hugh Jeanmen Jackman','Lumberjack Coach','Hairs a-danglin\''),
(115,'Ira Siegal',NULL,'Directed the episode of Cybill where Christine Baranski sat on her balls'),
(116,'Irwin Beyer Junior','Acting Coach',NULL),
(117,'Jackie Kanken','Poorly Reviewed Ebay Seller',NULL),
(118,'Jacob Brandeis',NULL,NULL),
(119,'Jameson McSmirnoff','Bartender For Hire',NULL),
(120,'Jamirquai J. Spunklestain',NULL,'Host of Khol\'s Cash Cab'),
(121,'Janitor',NULL,'Explicitly called out to be a Persona. Takes pictures of students.'),
(122,'Jeannie Gold','Incontinent Wedding Planner','Sister of Ricky Spanish'),
(123,'Jenna Diarrhea Evans','Heiress to the Diarrhea Fortune',NULL),
(124,'Jenny Fromdabloc',NULL,'Steve\'s cousin visiting from New Jersey'),
(125,'Jeremy Neiderhoff','College Freshman',NULL),
(126,'Jerry Jets',NULL,'Son of Max Jets'),
(127,'Jesse',NULL,NULL),
(128,'John Goodhorse','Native American Activist and Sex Offender.','Did not respond well to the word \"no\"'),
(129,'Johnny Lasagna',NULL,NULL),
(130,'JoJo Keen Wa',NULL,NULL),
(131,'Josay Bosay',NULL,NULL),
(132,'Josh Bycel','Transfer Student From the Poor Part of Santa Barbara','MMM!'),
(133,'Julia Rogerts',NULL,NULL),
(134,'Justin Delano Hemingway (South Dakota Slim)',NULL,NULL),
(135,'Justin Hemingway\'s Dad',NULL,NULL),
(136,'Kay Pardo-Simcard',NULL,'Plays Lt. Faruza Furtsies'),
(137,'Kevin Bacon',NULL,NULL),
(138,'Kevin Ramage',NULL,NULL),
(139,'Kevin Ramage\'s Mom',NULL,NULL),
(140,'Korean Kid Who Shoots Pool With a Giant Chopstick',NULL,'Not recognized by Francine'),
(141,'Krispy Kreme Mcdonald',NULL,NULL),
(142,'Lacey Krinklehoel',NULL,'Couldn\'t go to Harvard because her mom got super sick. Don\'t ask.'),
(143,'Laura Vanderbooben',NULL,NULL),
(144,'Lavarr Crush','Life Coach','Still being worked out.'),
(145,'Lazlo Morphine',NULL,NULL),
(146,'Lieutenant Wings','Enormous Mosquito',NULL),
(147,'Little Bonnie Ramirez',NULL,NULL),
(148,'Lou Babba Doo','Business Guru','Renting Dr. P\'s office while he\'s dead, or still at Sundance.'),
(149,'Lucius Mayweather',NULL,'He hustles 8 ball out of a bar in East Langley'),
(150,'Luis Valdez',NULL,'Only seen on Facebook so far'),
(151,'Luke Fondleburg',NULL,NULL),
(152,'Machmud Thikbooti','Fraternity Prankster','Only mentioned. Nemesis of the Dean'),
(153,'Madame Buttercup',NULL,NULL),
(154,'Madeline Carpal-Tunnel',NULL,'Sister of Skyler Montesorri'),
(155,'Maestro Guenter Van Sliezebiscuit',NULL,'Only knows about conducting'),
(156,'Mama Carconi',NULL,NULL),
(157,'Marmalade',NULL,NULL),
(158,'Martin Sugar',NULL,NULL),
(159,'Matt M','Assistant Manager of Store #52','(Another Matt works here too)'),
(160,'Maurice Barns',NULL,'All Star Realty'),
(161,'Max Jets',NULL,'Full name: Maximum Horatio Shamus Benny And The Jets'),
(162,'Maynard Butterbean','IRS Auditor',NULL),
(163,'McManahan Industries Employee',NULL,NULL),
(164,'Meredith Fields',NULL,NULL),
(165,'Michael Corbin',NULL,NULL),
(166,'Mike Babcock','PTA Rockstar','Nobody\'s sleepin\' when Mike comes a-creepin\''),
(167,'Mike Microscope',NULL,NULL),
(168,'Miles Raymond',NULL,NULL),
(169,'Morning Rooster',NULL,NULL),
(170,'Morris Buttermaker',NULL,NULL),
(171,'Mr. Deliver',NULL,NULL),
(172,'Mr. Mustachios',NULL,NULL),
(173,'Mr. Tavarelli',NULL,NULL),
(174,'Mr. Vanderhill',NULL,NULL),
(175,'Mrs. Harriet Bustax',NULL,NULL),
(176,'Mrs. Neiderhoff',NULL,NULL),
(177,'Mrs. Weinsteinopolis',NULL,NULL),
(178,'Nacho Bartoromo','Serial Kiler',NULL),
(179,'Naiomi Carcaterra',NULL,'Naiomi can curl her tongue'),
(180,'Old West Bounty Hunter',NULL,NULL),
(181,'Olladouis Goofoff','Russian Banana Inspector','Only mentioned'),
(182,'Parker Peters',NULL,NULL),
(183,'Pasta Focaccia',NULL,NULL),
(184,'Patrice Mixhole',NULL,'Plays Lucy Washington Bocce'),
(185,'Patrick Brian David Michael Green-Howard',NULL,'Plays Kit Kittering'),
(186,'Paul Gary','Mixologist',NULL),
(187,'Pete Pendleman','Concrete Man Out of Sheboygan','Has stage 2 Diabetes'),
(188,'Pete Van Smash',NULL,'He loves sports and he\'s always on the hunt for new, awesome porn.'),
(189,'Phil Spector',NULL,NULL),
(190,'Professor Baxter',NULL,'Professor Gug.... Baxter'),
(191,'Professor Dickens Longbottom',NULL,NULL),
(192,'Professor Jordan Edelstein',NULL,'Professor of ECONOMICS'),
(193,'Quentin Poundridge','Puerto Rican Hand Model',NULL),
(194,'Rafferty Westmore',NULL,'Plays Denver Dallas'),
(195,'Ragi-Baba',NULL,NULL),
(196,'Raider Dave',NULL,'You add just one ingredient too many and you end up Raider Dave. Every time.'),
(197,'Ramona/Regina',NULL,NULL),
(198,'Rashid',NULL,NULL),
(199,'Raul',NULL,NULL),
(200,'Reaganomics Lamborghini','Jacuzzi Dealer',NULL),
(201,'Renegade',NULL,NULL),
(202,'Ricky Spanish',NULL,'Brother of Jeannie Gold'),
(203,'Rocherro Ferrero','Super Rich Pudding Heiress','Loosely based on Tanya from White Lotus, LOVES saying \"Branzino\"'),
(204,'Roger Epstein',NULL,NULL),
(205,'Roland Chang','Super Positive Asian',NULL),
(206,'Rolex Gordini',NULL,'His own boss'),
(207,'Ronald Peechotka','Baseball Card Guy',NULL),
(208,'Roslyn Jenkins',NULL,NULL),
(209,'Roy Rogers McFreely',NULL,NULL),
(210,'Rub Rub Tuggington',NULL,NULL),
(211,'Ruby Zeldastein','Medium to the Other Side','Makes a hell of a shoofly pie'),
(212,'Rudolfo Mayerling',NULL,NULL),
(213,'Rufus P. Melonballer',NULL,NULL),
(214,'Rusty Buntafolio',NULL,'Roger\'s minor-league baseball character'),
(215,'Samantha Kingsbury',NULL,NULL),
(216,'Scotch Bingington','The True King of Spring Break',NULL),
(217,'Sensei Ryan',NULL,NULL),
(218,'Sergeant Pepper',NULL,NULL),
(219,'Sexy Snake',NULL,NULL),
(220,'Shebecca Escrow',NULL,NULL),
(221,'Sherlock Groans','Poop Detective',NULL),
(222,'Shinju Omigawa','Japanese Subway Molester','Only mentioned'),
(223,'Sholanda Dykes','AT&T Operator',NULL),
(224,'Sidney Huffman',NULL,NULL),
(225,'Sinjin St. John','Retired Maritime Lawyer and Avid Egg Collector',NULL),
(226,'Sir Jennings Cockburn','Fashion Titan of Post-War London',NULL),
(227,'Skyler Montessori','Founder of Rainbow Unicorn Gardens',NULL),
(228,'Staples McFoldsalot','Paper Hater',NULL),
(229,'Sweeps McCullough','Talent Manager',NULL),
(230,'Tammy Twopiece',NULL,NULL),
(231,'Tasha Flunchen','Super Model and International Party Girl',NULL),
(232,'Tato Monticello','Art Heist Guy',NULL),
(233,'Tawney Luxardo',NULL,NULL),
(234,'Tearjerker',NULL,NULL),
(235,'Teddy Sraberg',NULL,'Works in the adult-film industry but doesn\'t do sex acts... yet'),
(236,'The Gambler',NULL,NULL),
(237,'The Grounch',NULL,NULL),
(238,'The Legman',NULL,'The final form of Braff Zacklin via the fallout of this episode'),
(239,'The Phantom of the Telethon',NULL,NULL),
(240,'The Tender Vigilante',NULL,NULL),
(241,'The World\'s Most Dangerous Assassin',NULL,NULL),
(242,'Toga Gomez','NASCAR Vampire',NULL),
(243,'Tom yabo',NULL,'nobody'),
(244,'Tommy Calhoun','Attorney at Law',NULL),
(245,'Tony',NULL,NULL),
(246,'Toro',NULL,NULL),
(247,'Trevor',NULL,'Works at the Nerd Brigade'),
(248,'Twanderlust Lumpkin',NULL,NULL),
(249,'Twill Ongenbone',NULL,NULL),
(250,'(Un-named) Baby',NULL,NULL),
(251,'(Un-named) Dead Pedophile',NULL,NULL),
(252,'(Un-named) Lady of the Night',NULL,NULL),
(253,'(Un-named) Mall Walker',NULL,NULL),
(254,'(Un-named) Priest',NULL,NULL),
(255,'(Un-named) Scout',NULL,NULL),
(256,'Uncle Cosworth',NULL,NULL),
(257,'Uncle Kappy',NULL,NULL),
(258,'Valik',NULL,NULL),
(259,'Vince Monaco','Legendary Firehouse Prankster',NULL),
(260,'W. Willard Wartz',NULL,NULL),
(261,'Wally Wrobel',NULL,'Call him Wrobel'),
(262,'Warren Beanstalk',NULL,NULL),
(263,'Wheelie Peddalaton/Schwinn Chafecrotch',NULL,NULL),
(264,'Winfrey',NULL,'Adopted from an orphanage in Somalia'),
(265,'Winston Equity III',NULL,NULL),
(266,'Wolfman Jack DJ Persona',NULL,'Wolfboy... George?'),
(267,'Yeager Chillax',NULL,'Likes to kick ass and jam clam with his man Johnny Bananas'),
(268,'Yuckov McGruder',NULL,NULL);
/*!40000 ALTER TABLE `persona` ENABLE KEYS */;
UNLOCK TABLES;
COMMIT;
SET AUTOCOMMIT=@OLD_AUTOCOMMIT;

--
-- Table structure for table `quotes`
--

DROP TABLE IF EXISTS `quotes`;
/*!40101 SET @saved_cs_client     = @@character_set_client */;
/*!40101 SET character_set_client = utf8mb4 */;
CREATE TABLE `quotes` (
  `id` int(10) unsigned NOT NULL AUTO_INCREMENT,
  `persona` int(10) unsigned NOT NULL,
  `quote` text NOT NULL,
  PRIMARY KEY (`id`),
  KEY `persona` (`persona`),
  CONSTRAINT `1` FOREIGN KEY (`persona`) REFERENCES `persona` (`id`) ON DELETE CASCADE
) ENGINE=InnoDB AUTO_INCREMENT=44 DEFAULT CHARSET=utf8mb4 COLLATE=utf8mb4_uca1400_ai_ci;
/*!40101 SET character_set_client = @saved_cs_client */;

--
-- Dumping data for table `quotes`
--

SET @OLD_AUTOCOMMIT=@@AUTOCOMMIT, @@AUTOCOMMIT=0;
LOCK TABLES `quotes` WRITE;
/*!40000 ALTER TABLE `quotes` DISABLE KEYS */;
INSERT INTO `quotes` VALUES
(1,3,'\"When it snows I need to be plowed\"'),
(2,4,'\"I know what you did to our kids you monster!\"'),
(3,5,'\"Wait does it have to be consensual sex?\"'),
(4,11,'\"Who\'d you used to be with? Lavarr Crush? Lavarr Crush is shit. I went to life coach school with him; he\'s a hack.\"'),
(5,12,'\"She wanted Gilda raised Jewish but I\'m raising her nothing because I just don\'t have the time. To raise her or to talk to her.\"'),
(6,25,'\"Rogu do bootleg?\"'),
(7,26,'\"Jesus take my feet!\"'),
(8,27,'\"I once survived 4 days in a Del Taco parking lot, extracting life-saving nutrients from puddles and bird shit.\"'),
(9,37,'\"I got nipped!\"'),
(10,38,'\"In that game vs Sweden I was inside one of their forwards for like a minute.\"'),
(11,41,'\"That\'s Lunch!\"'),
(12,43,'\"I\'m so tired I was up all night-Pumping your wife!\"'),
(13,49,'\"Clean as a freshly washed Dong!\"'),
(14,51,'\"I\'m off my meds!\"'),
(15,56,'\"Oh Hayley, does \'Dalton Galloway\' sound like a real person to you? Grow up, it\'s me!\"'),
(16,68,'\"How bout after we go wheels up, I come in there and go heels up and you can unload your passengers at... gate A.\"'),
(17,88,'\"Freddy, for you, 107 even. Plus a case of champagne to go with your leftover turkey.\"'),
(18,89,'\"My name is Frank Trueblue. I get my hair cut at barber shops. Look at me Stacey. Do I not have all the signifiers of an off-duty cop?\"'),
(19,95,'\"That\'s a strange thing to carry around. I like to leave mine in the toilet.\"'),
(20,97,'\"Strawberry chapstick is a little forward, root beer is too funky, but blue razz says quiet sophistication.\"'),
(21,100,'\"It\'s good weeeed Stevses\"'),
(22,113,'\"I\'m safari man Hubert LeGrange and this is my sidekick Wheelbarrow Tim AKA Babylegs O\'Hurlihan.\"'),
(23,130,'\"And just like the super food, I\'m for sale at Trader Joes.... behind Trader Joes.... for free.\"'),
(24,159,'\"The secret to shucking clams is- Ow!\"'),
(25,170,'\"I think I\'m dried up. Speakin\' of my wife.... Steve finish that one for me.\"'),
(26,174,'\"Yeah! I hate birds and am therefore glad that you kicked one. Here is money!\"'),
(27,195,'\"Sanctuarryyy!\"'),
(28,203,'\"BRANZINO\"'),
(29,205,'\"Jeff you don\'t do coke do ya?... Cool me neither.\"'),
(30,207,'\"Hey, how \'bout this Balboni here, huh? Sweet as a cherry.\"'),
(31,217,'\"\"Water for Elephants\' was on my \'Recently Watched,\' and I didn\'t watch it. I saw it in the theater like it\'s supposed to be seen!\"'),
(32,218,'\"Play? Puppies play! Reese Witherspoon plays to her strengths when she takes on middle-of-the-road romantic comedies like “Sweet Home Alabama”!\"'),
(33,225,'\"I know you all probably need a second to reload, but I can go again. Not a brag just a fact.\"'),
(34,227,'\"This one\'s dirt poor. Its fun!\"'),
(35,231,'\"Eat shit and die Berco!\"'),
(36,232,'\"Stealing art is... the greatest art of all.\"'),
(37,236,'\"Kenny took a lot of license there. I fell asleep very, very hard. I did not die!\"'),
(38,240,'\"This city\'s in pain, and it needs my tender justice.\"'),
(39,241,'\"What ze hell did I do?\"'),
(40,248,'\"Don\'t... think... about... that... byook.\"'),
(41,256,'\"Next time you\'re down at the marina I\'ll let ya hop on my 28-footer\"'),
(42,259,'\"Your days of putting condoms in lasagna are over.\"'),
(43,266,'\"What was his name again? Wolfman Puck? No, that\'s not it.\"');
/*!40000 ALTER TABLE `quotes` ENABLE KEYS */;
UNLOCK TABLES;
COMMIT;
SET AUTOCOMMIT=@OLD_AUTOCOMMIT;
/*!40103 SET TIME_ZONE=@OLD_TIME_ZONE */;

/*!40101 SET SQL_MODE=@OLD_SQL_MODE */;
/*!40014 SET FOREIGN_KEY_CHECKS=@OLD_FOREIGN_KEY_CHECKS */;
/*!40014 SET UNIQUE_CHECKS=@OLD_UNIQUE_CHECKS */;
/*!40101 SET CHARACTER_SET_CLIENT=@OLD_CHARACTER_SET_CLIENT */;
/*!40101 SET CHARACTER_SET_RESULTS=@OLD_CHARACTER_SET_RESULTS */;
/*!40101 SET COLLATION_CONNECTION=@OLD_COLLATION_CONNECTION */;
/*M!100616 SET NOTE_VERBOSITY=@OLD_NOTE_VERBOSITY */;

-- Dump completed on 2026-07-20  3:21:33
